word,level,primaryMeaning1,primaryMeaning2,primaryMeaning3,wordConfidence,reviewReasons,wordnetCoverage,wiktionaryCoverage,dictionaryAgreement,notes
admission,1,noun: 承認・許可 [high],noun: 受け入れ・入場許可 [high],noun: 場銭・席代 [medium],medium,AMBIGUOUS_PRIMARY_SENSE,true,true,supported-by-both,"5 candidate meanings remained after dictionary merge, so top-3 selection is heuristic."
alert,1,noun: 警戒警報・警告 [high],adjective: 警戒して・油断なく [medium],verb: 警戒させる・注意させる [medium],medium,AMBIGUOUS_PRIMARY_SENSE,true,true,supported-by-both,"6 candidate meanings remained after dictionary merge, so top-3 selection is heuristic."
alternate,1,noun: 代え・代り [medium],,,medium,AMBIGUOUS_PRIMARY_SENSE|TOO_MANY_SENSES,true,true,supported-by-both,"8 candidate meanings remained after dictionary merge, so top-3 selection is heuristic. High sense count: WordNet synsets 10, Wiktionary senses 10."
amuse,1,verb: 楽しませる・楽しむ [medium],,,medium,AMBIGUOUS_PRIMARY_SENSE,true,true,supported-by-both,"4 candidate meanings remained after dictionary merge, so top-3 selection is heuristic."
appreciation,1,noun: 評価・把捉 [medium],,,medium,AMBIGUOUS_PRIMARY_SENSE,true,true,supported-by-both,"4 candidate meanings remained after dictionary merge, so top-3 selection is heuristic."
attendant,1,noun: 付き人・従者 [high],noun: 出席者・参列者 [medium],adjective: 伴う・付随する [medium],medium,AMBIGUOUS_PRIMARY_SENSE,true,true,supported-by-both,"5 candidate meanings remained after dictionary merge, so top-3 selection is heuristic."
automatic,1,adjective: 機械的な・機械的 [high],noun: 自動拳銃 [high],adjective: 自動の・自動性 [medium],medium,AMBIGUOUS_PRIMARY_SENSE,true,true,supported-by-both,"6 candidate meanings remained after dictionary merge, so top-3 selection is heuristic."
badge,1,noun: バッジ・記章 [medium],,,medium,AMBIGUOUS_PRIMARY_SENSE,true,true,supported-by-both,"5 candidate meanings remained after dictionary merge, so top-3 selection is heuristic."
bargain,1,noun: 取引・取り引き [high],noun: 買い得・引き合い [high],verb: 交渉する・叩く [medium],medium,AMBIGUOUS_PRIMARY_SENSE,true,true,supported-by-both,"4 candidate meanings remained after dictionary merge, so top-3 selection is heuristic."
battery,1,noun: 電池・乾電池 [high],noun: 砲兵隊・一式 [medium],,medium,AMBIGUOUS_PRIMARY_SENSE,true,true,supported-by-both,"5 candidate meanings remained after dictionary merge, so top-3 selection is heuristic."
boardroom,1,,,,low,MISSING_JAPANESE,false,false,missing,Neither dictionary provided a usable Japanese meaning for this sample word.
brake,1,noun: プレスブレーキ・歯止め [high],noun: ブレーキ・制動機 [high],noun: 蕨 [medium],medium,AMBIGUOUS_PRIMARY_SENSE|TOO_MANY_SENSES,true,true,supported-by-both,"10 candidate meanings remained after dictionary merge, so top-3 selection is heuristic. High sense count: WordNet synsets 7, Wiktionary senses 11."
cab,1,noun: 運転室・運転台 [medium],,,medium,AMBIGUOUS_PRIMARY_SENSE,true,true,supported-by-both,"8 candidate meanings remained after dictionary merge, so top-3 selection is heuristic."
cabin,1,noun: 小屋・粗末な小家屋 [high],noun: 船室・ケビン [high],,medium,TOO_MANY_SENSES,true,true,supported-by-both,"High sense count: WordNet synsets 4, Wiktionary senses 10."
carrier,1,noun: 搬送波 [high],noun: 通信キャリア・キャリア [high],noun: 運搬車 [medium],medium,AMBIGUOUS_PRIMARY_SENSE|TOO_MANY_SENSES,true,true,supported-by-both,"15 candidate meanings remained after dictionary merge, so top-3 selection is heuristic. High sense count: WordNet synsets 11, Wiktionary senses 10."
cart,1,noun: 荷車・台車 [medium],,,medium,AMBIGUOUS_PRIMARY_SENSE,true,true,supported-by-both,"9 candidate meanings remained after dictionary merge, so top-3 selection is heuristic."
cartridge,1,noun: インクカートリッジ・薬莢 [high],noun: 実包・マガジン [medium],,medium,AMBIGUOUS_PRIMARY_SENSE,true,true,supported-by-both,"4 candidate meanings remained after dictionary merge, so top-3 selection is heuristic."
casual,1,adjective: 何気ない・さりげない [high],adjective: 打ち解けた・気軽な [medium],,medium,AMBIGUOUS_PRIMARY_SENSE|TOO_MANY_SENSES,true,true,supported-by-both,"8 candidate meanings remained after dictionary merge, so top-3 selection is heuristic. High sense count: WordNet synsets 9, Wiktionary senses 13."
ceiling,1,noun: 天井 [high],noun: 上限・限度 [high],noun: 限界高度・雲底高度 [medium],medium,AMBIGUOUS_PRIMARY_SENSE,true,true,supported-by-both,"9 candidate meanings remained after dictionary merge, so top-3 selection is heuristic."
clarify,1,verb: 純化する・清ます [high],verb: 明らかにする・焙出す [medium],,medium,AMBIGUOUS_PRIMARY_SENSE,true,true,supported-by-both,"4 candidate meanings remained after dictionary merge, so top-3 selection is heuristic."
clip,1,noun: 弾倉・マガジン [medium],noun: とき・回 [medium],verb: 切る・摘み取る [medium],medium,AMBIGUOUS_PRIMARY_SENSE|TOO_MANY_SENSES,true,false,wordnet-only,"7 candidate meanings remained after dictionary merge, so top-3 selection is heuristic. High sense count: WordNet synsets 11, Wiktionary senses 0."
cloth,1,noun: 布・切地 [medium],,,medium,AMBIGUOUS_PRIMARY_SENSE,true,true,supported-by-both,"4 candidate meanings remained after dictionary merge, so top-3 selection is heuristic."
commute,1,noun: 通勤 [high],verb: 通勤する・転位 [medium],,medium,AMBIGUOUS_PRIMARY_SENSE,true,true,supported-by-both,"7 candidate meanings remained after dictionary merge, so top-3 selection is heuristic."
compact,1,adjective: 簡潔な・簡潔 [high],noun: コンパクト・パウダーコンパクト [high],noun: 小型車・小型自動車 [high],medium,TOO_MANY_SENSES,true,true,supported-by-both,"High sense count: WordNet synsets 10, Wiktionary senses 10."
consent,1,noun: 同意・承認 [medium],verb: 同意する・宜う [medium],,medium,AMBIGUOUS_PRIMARY_SENSE,true,true,supported-by-both,"4 candidate meanings remained after dictionary merge, so top-3 selection is heuristic."
culinary,1,,,,low,MISSING_JAPANESE,false,false,missing,Neither dictionary provided a usable Japanese meaning for this sample word.
deck,1,noun: 甲板・デッキ [high],verb: 着飾る・美しく装う [high],,medium,TOO_MANY_SENSES,true,true,supported-by-both,"High sense count: WordNet synsets 7, Wiktionary senses 11."
defect,1,noun: 欠陥・障害 [high],verb: 離れる・去る [medium],,medium,AMBIGUOUS_PRIMARY_SENSE,true,true,supported-by-both,"5 candidate meanings remained after dictionary merge, so top-3 selection is heuristic."
defective,1,adjective: 欠ける・不完全 [medium],,,medium,AMBIGUOUS_PRIMARY_SENSE,true,true,supported-by-both,"5 candidate meanings remained after dictionary merge, so top-3 selection is heuristic."
designate,1,verb: 指す・示す [high],verb: 指名する・名付ける [medium],,medium,AMBIGUOUS_PRIMARY_SENSE,true,true,supported-by-both,"5 candidate meanings remained after dictionary merge, so top-3 selection is heuristic."
distractor,1,,,,low,MISSING_JAPANESE,false,false,missing,Neither dictionary provided a usable Japanese meaning for this sample word.
dock,1,noun: 船渠・ドック [high],noun: 埠頭・波止場 [high],noun: 被告席 [high],medium,TOO_MANY_SENSES,true,true,supported-by-both,"High sense count: WordNet synsets 12, Wiktionary senses 13."
documentation,1,noun: ドキュメンテーション・付随資料 [high],noun: 文書化・傍証 [medium],,medium,AMBIGUOUS_PRIMARY_SENSE,true,true,supported-by-both,"4 candidate meanings remained after dictionary merge, so top-3 selection is heuristic."
drill,1,verb: 温習・練習 [high],noun: 錐・穿孔機 [high],noun: 反復練習・訓練 [high],medium,TOO_MANY_SENSES,true,true,supported-by-both,"High sense count: WordNet synsets 9, Wiktionary senses 11."
duplicate,1,noun: 写し・複製 [high],verb: 繰り返す・仕返す [medium],,medium,AMBIGUOUS_PRIMARY_SENSE,true,true,supported-by-both,"10 candidate meanings remained after dictionary merge, so top-3 selection is heuristic."
exit,1,noun: 出口・逃路 [high],noun: 出口 [high],,medium,TOO_MANY_SENSES,true,true,supported-by-both,"High sense count: WordNet synsets 6, Wiktionary senses 12."
fare,1,noun: 運賃・乗賃 [medium],,,medium,AMBIGUOUS_PRIMARY_SENSE,true,true,supported-by-both,"4 candidate meanings remained after dictionary merge, so top-3 selection is heuristic."
fax,1,noun: ファクシミリ機・電話ファクシミリ [low],,,low,DICTIONARY_DISAGREEMENT|LOW_CONFIDENCE|POS_MISMATCH,true,true,disagreement,"At least one selected primary meaning has low confidence. Both dictionaries had data, but no selected candidate was supported by both sources. Top POS differs between dictionaries: WordNet=noun, Wiktionary=abbreviation."
flu,1,noun: 感冒・流感 [low],,,low,DICTIONARY_DISAGREEMENT|LOW_CONFIDENCE|POS_MISMATCH,true,true,disagreement,"At least one selected primary meaning has low confidence. Both dictionaries had data, but no selected candidate was supported by both sources. Top POS differs between dictionaries: WordNet=noun, Wiktionary=abbreviation."
flyer,1,noun: 散らし・散広告 [medium],noun: 飛行家 [medium],,medium,AMBIGUOUS_PRIMARY_SENSE|TOO_MANY_SENSES,true,true,supported-by-both,"8 candidate meanings remained after dictionary merge, so top-3 selection is heuristic. High sense count: WordNet synsets 3, Wiktionary senses 15."
fountain,1,noun: 噴水・噴水池 [high],noun: 泉・流出 [medium],,medium,AMBIGUOUS_PRIMARY_SENSE|TOO_MANY_SENSES,true,true,supported-by-both,"8 candidate meanings remained after dictionary merge, so top-3 selection is heuristic. High sense count: WordNet synsets 4, Wiktionary senses 11."
generous,1,adjective: 寛大な・広い [high],adjective: 気前のよい・惜しみ無い [medium],,medium,AMBIGUOUS_PRIMARY_SENSE,true,true,supported-by-both,"4 candidate meanings remained after dictionary merge, so top-3 selection is heuristic."
goods,1,noun: 美徳・善行 [medium],noun: 商品 [medium],noun: 本物 [medium],medium,AMBIGUOUS_PRIMARY_SENSE,false,true,wiktionary-only,"4 candidate meanings remained after dictionary merge, so top-3 selection is heuristic."
graphic,1,adjective: グラフィックの・生々しい [medium],,,medium,AMBIGUOUS_PRIMARY_SENSE,true,true,supported-by-both,"7 candidate meanings remained after dictionary merge, so top-3 selection is heuristic."
gym,1,noun: 体操場・体育館 [low],,,low,DICTIONARY_DISAGREEMENT|LOW_CONFIDENCE|POS_MISMATCH,true,true,disagreement,"At least one selected primary meaning has low confidence. Both dictionaries had data, but no selected candidate was supported by both sources. Top POS differs between dictionaries: WordNet=noun, Wiktionary=abbreviation."
highway,1,noun: 幹線道路・街道 [medium],,,medium,AMBIGUOUS_PRIMARY_SENSE,true,true,supported-by-both,"5 candidate meanings remained after dictionary merge, so top-3 selection is heuristic."
hike,1,verb: ハイキングをする・ハイキング [high],noun: ハイキング・遠足 [medium],,medium,AMBIGUOUS_PRIMARY_SENSE,true,true,supported-by-both,"8 candidate meanings remained after dictionary merge, so top-3 selection is heuristic."
hotline,1,,,,low,MISSING_JAPANESE,false,false,missing,Neither dictionary provided a usable Japanese meaning for this sample word.
identification,1,noun: 同一性の証明・任命 [medium],,,medium,AMBIGUOUS_PRIMARY_SENSE,true,true,supported-by-both,"4 candidate meanings remained after dictionary merge, so top-3 selection is heuristic."
indoor,1,,,,low,MISSING_JAPANESE,false,false,missing,Neither dictionary provided a usable Japanese meaning for this sample word.
installation,1,noun: 就任・入会 [high],noun: 基地・施設 [high],noun: 取り付け・据え付け [medium],medium,AMBIGUOUS_PRIMARY_SENSE,true,true,supported-by-both,"5 candidate meanings remained after dictionary merge, so top-3 selection is heuristic."
irregular,1,adjective: 不規則な・変則 [high],,,medium,TOO_MANY_SENSES,true,true,supported-by-both,"High sense count: WordNet synsets 11, Wiktionary senses 4."
jam,1,noun: ジャム [high],verb: 押し込む・詰め込む [medium],,medium,AMBIGUOUS_PRIMARY_SENSE|TOO_MANY_SENSES,true,true,supported-by-both,"12 candidate meanings remained after dictionary merge, so top-3 selection is heuristic. High sense count: WordNet synsets 11, Wiktionary senses 11."
jazz,1,noun: ジャズ [high],,,medium,TOO_MANY_SENSES,true,true,supported-by-both,"High sense count: WordNet synsets 5, Wiktionary senses 10."
jet,1,noun: 気体や液体を噴射・噴出する [high],verb: 噴出する・噴出 [high],,medium,TOO_MANY_SENSES,true,true,supported-by-both,"High sense count: WordNet synsets 9, Wiktionary senses 10."
lamp,1,noun: ランプ・照明器具 [medium],,,medium,AMBIGUOUS_PRIMARY_SENSE,true,true,supported-by-both,"4 candidate meanings remained after dictionary merge, so top-3 selection is heuristic."
lane,1,noun: 車道・レーン [high],noun: 通り・小径 [medium],,medium,AMBIGUOUS_PRIMARY_SENSE,true,true,supported-by-both,"8 candidate meanings remained after dictionary merge, so top-3 selection is heuristic."
laundry,1,noun: 洗濯 [medium],noun: 洗濯場 [medium],noun: 洗濯屋・クリーニング屋 [medium],medium,AMBIGUOUS_PRIMARY_SENSE,false,true,wiktionary-only,"4 candidate meanings remained after dictionary merge, so top-3 selection is heuristic."
leak,1,noun: 漏れ口 [high],verb: 漏らす・洩る [medium],,medium,AMBIGUOUS_PRIMARY_SENSE|TOO_MANY_SENSES,true,true,supported-by-both,"9 candidate meanings remained after dictionary merge, so top-3 selection is heuristic. High sense count: WordNet synsets 9, Wiktionary senses 10."
login,1,,,,low,MISSING_JAPANESE,false,false,missing,Neither dictionary provided a usable Japanese meaning for this sample word.
mall,1,noun: ショッピングモール・モール [high],noun: 木陰の散歩道・遊歩道 [medium],,medium,AMBIGUOUS_PRIMARY_SENSE,true,true,supported-by-both,"4 candidate meanings remained after dictionary merge, so top-3 selection is heuristic."
manual,1,noun: 便覧・入門 [low],,,low,AMBIGUOUS_PRIMARY_SENSE|DICTIONARY_DISAGREEMENT|LOW_CONFIDENCE|POS_MISMATCH,true,true,disagreement,"At least one selected primary meaning has low confidence. Both dictionaries had data, but no selected candidate was supported by both sources. 7 candidate meanings remained after dictionary merge, so top-3 selection is heuristic. Top POS differs between dictionaries: WordNet=noun, Wiktionary=adjective."
mask,1,noun: 覆面・仮面 [high],verb: ビットマスク処理をする・恍ける [high],noun: 網の目・掩蔽 [medium],medium,AMBIGUOUS_PRIMARY_SENSE|TOO_MANY_SENSES,true,true,supported-by-both,"11 candidate meanings remained after dictionary merge, so top-3 selection is heuristic. High sense count: WordNet synsets 9, Wiktionary senses 24."
midnight,1,noun: 深夜・真夜中 [medium],,,medium,AMBIGUOUS_PRIMARY_SENSE,true,true,supported-by-both,"4 candidate meanings remained after dictionary merge, so top-3 selection is heuristic."
mild,1,adjective: 軽い・弱い [high],adjective: 優しい・穏やか [medium],,medium,AMBIGUOUS_PRIMARY_SENSE|TOO_MANY_SENSES,true,true,supported-by-both,"8 candidate meanings remained after dictionary merge, so top-3 selection is heuristic. High sense count: WordNet synsets 3, Wiktionary senses 10."
mister,1,noun: -氏 [low],,,low,UNNATURAL_JAPANESE|LOW_CONFIDENCE,true,false,wordnet-only,At least one selected primary meaning has low confidence. Selected display text may be unnatural: -氏.
nail,1,verb: 釘で打ちつける・かっ飛ばす [high],noun: 爪・金釘 [medium],verb: 送球により走者を刺す・送球を成功させる [medium],medium,AMBIGUOUS_PRIMARY_SENSE|TOO_MANY_SENSES,true,true,supported-by-both,"9 candidate meanings remained after dictionary merge, so top-3 selection is heuristic. High sense count: WordNet synsets 10, Wiktionary senses 10."
nap,1,noun: 仮寝・仮眠 [medium],noun: 昼寝・眠り [medium],verb: 午睡・昼寝 [medium],medium,AMBIGUOUS_PRIMARY_SENSE,true,false,wordnet-only,"5 candidate meanings remained after dictionary merge, so top-3 selection is heuristic."
noon,1,noun: 正午・昼 [medium],,,medium,AMBIGUOUS_PRIMARY_SENSE,true,true,supported-by-both,"6 candidate meanings remained after dictionary merge, so top-3 selection is heuristic."
organizer,1,noun: 組織者・主催者 [high],noun: 組織者 [medium],,medium,AMBIGUOUS_PRIMARY_SENSE,true,true,supported-by-both,"4 candidate meanings remained after dictionary merge, so top-3 selection is heuristic."
orientation,1,noun: オリエンテーション・標定 [high],noun: 興味・主義 [medium],noun: 向き・方向付け [medium],medium,AMBIGUOUS_PRIMARY_SENSE,true,true,supported-by-both,"7 candidate meanings remained after dictionary merge, so top-3 selection is heuristic."
outdoor,1,,,,low,MISSING_JAPANESE,false,false,missing,Neither dictionary provided a usable Japanese meaning for this sample word.
overhead,1,noun: スマッシュ [high],noun: オーバーヘッド [high],adverb: 頭上に [high],medium,TOO_MANY_SENSES,true,true,supported-by-both,"High sense count: WordNet synsets 9, Wiktionary senses 10."
overlook,1,verb: 見下ろす [high],verb: 大目に見る・見外す [medium],,medium,AMBIGUOUS_PRIMARY_SENSE,true,true,supported-by-both,"4 candidate meanings remained after dictionary merge, so top-3 selection is heuristic."
packet,1,noun: 包み・包物 [medium],noun: 小包・小包み [medium],noun: 郵船・郵便船 [medium],medium,AMBIGUOUS_PRIMARY_SENSE,true,false,wordnet-only,"4 candidate meanings remained after dictionary merge, so top-3 selection is heuristic."
painter,1,noun: 舫い綱・舫い [high],noun: ピューマ・プーマ [high],noun: 絵描き・画家 [medium],medium,AMBIGUOUS_PRIMARY_SENSE,true,true,supported-by-both,"4 candidate meanings remained after dictionary merge, so top-3 selection is heuristic."
parade,1,noun: 行列・行進 [high],verb: 誇示する・見せびらかす [medium],,medium,AMBIGUOUS_PRIMARY_SENSE|TOO_MANY_SENSES,true,true,supported-by-both,"9 candidate meanings remained after dictionary merge, so top-3 selection is heuristic. High sense count: WordNet synsets 5, Wiktionary senses 10."
payable,1,noun: 買い掛け金 [low],,,low,AMBIGUOUS_PRIMARY_SENSE|DICTIONARY_DISAGREEMENT|LOW_CONFIDENCE|POS_MISMATCH,true,true,disagreement,"At least one selected primary meaning has low confidence. Both dictionaries had data, but no selected candidate was supported by both sources. 6 candidate meanings remained after dictionary merge, so top-3 selection is heuristic. Top POS differs between dictionaries: WordNet=noun, Wiktionary=adjective."
pie,1,noun: パイ [high],,,medium,TOO_MANY_SENSES,true,true,supported-by-both,"High sense count: WordNet synsets 2, Wiktionary senses 13."
plug,1,noun: 電源プラグ・コンセント [high],verb: コンセントに差し込む・塞ぐ [medium],,medium,AMBIGUOUS_PRIMARY_SENSE|TOO_MANY_SENSES,true,true,supported-by-both,"4 candidate meanings remained after dictionary merge, so top-3 selection is heuristic. High sense count: WordNet synsets 13, Wiktionary senses 4."
polish,1,adjective: ポーランド語の・ポーランド語 [high],noun: ポーランド語 [high],noun: 洗練・洗練された状態 [high],medium,TOO_MANY_SENSES,true,true,supported-by-both,"High sense count: WordNet synsets 8, Wiktionary senses 11."
prescription,1,noun: 処方箋・薬箋 [high],noun: 処方薬・要指示薬 [high],noun: 時効・規程 [medium],medium,AMBIGUOUS_PRIMARY_SENSE,true,true,supported-by-both,"5 candidate meanings remained after dictionary merge, so top-3 selection is heuristic."
preview,1,noun: 下見・下調べ [medium],noun: 試写・試演 [medium],verb: 下見する・試写を見せる [medium],medium,AMBIGUOUS_PRIMARY_SENSE,false,true,wiktionary-only,"6 candidate meanings remained after dictionary merge, so top-3 selection is heuristic."
projection,1,noun: 突起・突出 [high],noun: 投影・投射 [high],noun: 計画・考案 [high],medium,TOO_MANY_SENSES,true,true,supported-by-both,"High sense count: WordNet synsets 10, Wiktionary senses 8."
projector,1,noun: 立案者・映写機 [medium],,,medium,AMBIGUOUS_PRIMARY_SENSE,true,true,supported-by-both,"4 candidate meanings remained after dictionary merge, so top-3 selection is heuristic."
prospective,1,adjective: 見込みある・見込まれる [medium],,,medium,AMBIGUOUS_PRIMARY_SENSE,true,true,supported-by-both,"6 candidate meanings remained after dictionary merge, so top-3 selection is heuristic."
publish,1,verb: 出版する・掲げる [medium],,,medium,AMBIGUOUS_PRIMARY_SENSE,true,true,supported-by-both,"4 candidate meanings remained after dictionary merge, so top-3 selection is heuristic."
purse,1,noun: ハンドバッグ・ハンドバック [medium],noun: 財布 [medium],verb: 口をすぼめる [medium],medium,AMBIGUOUS_PRIMARY_SENSE,true,false,wordnet-only,"4 candidate meanings remained after dictionary merge, so top-3 selection is heuristic."
rack,1,noun: ラック [high],verb: 苦しめる・ひどく苦しめる [high],,medium,TOO_MANY_SENSES,true,true,supported-by-both,"High sense count: WordNet synsets 18, Wiktionary senses 26."
rainy,1,adjective: 雨の・雨の多い [medium],adjective: 雨天の [medium],adjective: 雨を含んだ [medium],medium,AMBIGUOUS_PRIMARY_SENSE,false,true,wiktionary-only,"4 candidate meanings remained after dictionary merge, so top-3 selection is heuristic."
realtor,1,,,,low,MISSING_JAPANESE,false,false,missing,Neither dictionary provided a usable Japanese meaning for this sample word.
referee,1,noun: 審判・審判員 [medium],noun: 校閲者 [medium],verb: 査読 [medium],medium,AMBIGUOUS_PRIMARY_SENSE,true,false,wordnet-only,"4 candidate meanings remained after dictionary merge, so top-3 selection is heuristic."
remainder,1,noun: 余り・剰余 [high],noun: 残り・切れ端 [medium],,medium,AMBIGUOUS_PRIMARY_SENSE,true,true,supported-by-both,"5 candidate meanings remained after dictionary merge, so top-3 selection is heuristic."
renew,1,verb: 再開する・新たにする [medium],,,medium,AMBIGUOUS_PRIMARY_SENSE,true,true,supported-by-both,"4 candidate meanings remained after dictionary merge, so top-3 selection is heuristic."
salesperson,1,,,,low,MISSING_JAPANESE,false,false,missing,Neither dictionary provided a usable Japanese meaning for this sample word.
shopper,1,,,,low,MISSING_JAPANESE,false,false,missing,Neither dictionary provided a usable Japanese meaning for this sample word.
sleeve,1,noun: スリーブ [high],noun: 袖・捩り [medium],,medium,AMBIGUOUS_PRIMARY_SENSE,true,true,supported-by-both,"6 candidate meanings remained after dictionary merge, so top-3 selection is heuristic."
sock,1,noun: 靴下・ソックス [high],verb: 殴打する・ぶん殴る [medium],,medium,AMBIGUOUS_PRIMARY_SENSE|TOO_MANY_SENSES,true,true,supported-by-both,"8 candidate meanings remained after dictionary merge, so top-3 selection is heuristic. High sense count: WordNet synsets 3, Wiktionary senses 10."
sometime,1,adjective: 以前の・かつての [high],adverb: ある時・早晩 [medium],,medium,AMBIGUOUS_PRIMARY_SENSE,true,true,supported-by-both,"5 candidate meanings remained after dictionary merge, so top-3 selection is heuristic."
stack,1,noun: 煙突 [high],noun: スタック [high],verb: 積み上げる・積み重ねる [high],medium,TOO_MANY_SENSES,true,true,supported-by-both,"High sense count: WordNet synsets 8, Wiktionary senses 11."
subscribe,1,verb: 寄付する・署する [medium],,,medium,AMBIGUOUS_PRIMARY_SENSE,true,true,supported-by-both,"5 candidate meanings remained after dictionary merge, so top-3 selection is heuristic."
subscriber,1,noun: 購読者・裏書人 [medium],,,medium,AMBIGUOUS_PRIMARY_SENSE,true,true,supported-by-both,"4 candidate meanings remained after dictionary merge, so top-3 selection is heuristic."
subscription,1,noun: 寄付・出捐 [medium],,,medium,AMBIGUOUS_PRIMARY_SENSE,true,true,supported-by-both,"4 candidate meanings remained after dictionary merge, so top-3 selection is heuristic."
sunny,1,adjective: 快活・朗ら [low],,,low,DICTIONARY_DISAGREEMENT|LOW_CONFIDENCE|POS_MISMATCH,true,true,disagreement,"At least one selected primary meaning has low confidence. Both dictionaries had data, but no selected candidate was supported by both sources. Top POS differs between dictionaries: WordNet=adjective, Wiktionary=noun."
superior,1,adjective: 身分や地位が高い・偉い [high],adjective: 優れた・上等 [medium],noun: 身分や地位が高い者・目上 [medium],medium,AMBIGUOUS_PRIMARY_SENSE|TOO_MANY_SENSES,true,true,supported-by-both,"8 candidate meanings remained after dictionary merge, so top-3 selection is heuristic. High sense count: WordNet synsets 13, Wiktionary senses 4."
tag,1,noun: 下札・付札 [medium],noun: 鬼ごっこ [medium],verb: ダグ付けする・ラベル付けする [medium],medium,AMBIGUOUS_PRIMARY_SENSE|TOO_MANY_SENSES,true,false,wordnet-only,"7 candidate meanings remained after dictionary merge, so top-3 selection is heuristic. High sense count: WordNet synsets 10, Wiktionary senses 0."
taker,1,,,,low,MISSING_JAPANESE,false,false,missing,Neither dictionary provided a usable Japanese meaning for this sample word.
terminal,1,noun: 終点・停留所 [high],adjective: 最後の・最終的な [medium],noun: 終端・端末 [medium],medium,AMBIGUOUS_PRIMARY_SENSE,true,true,supported-by-both,"8 candidate meanings remained after dictionary merge, so top-3 selection is heuristic."
tow,1,noun: 牽引・曳航 [high],verb: 引く・牽引する [medium],,medium,AMBIGUOUS_PRIMARY_SENSE,true,true,supported-by-both,"5 candidate meanings remained after dictionary merge, so top-3 selection is heuristic."
transaction,1,noun: 処理・取扱い [medium],,,medium,AMBIGUOUS_PRIMARY_SENSE,true,true,supported-by-both,"4 candidate meanings remained after dictionary merge, so top-3 selection is heuristic."
transit,1,verb: 通過する・通過 [high],noun: 通過・経緯儀 [medium],,medium,AMBIGUOUS_PRIMARY_SENSE,true,true,supported-by-both,"5 candidate meanings remained after dictionary merge, so top-3 selection is heuristic."
turnover,1,noun: 退職率・離職率 [medium],noun: 上高・上げ高 [medium],noun: 転覆・返し [medium],medium,AMBIGUOUS_PRIMARY_SENSE,true,false,wordnet-only,"4 candidate meanings remained after dictionary merge, so top-3 selection is heuristic."
upgrade,1,noun: アップデート版・アップグレード版 [medium],noun: 格上げ [medium],verb: 上げる・進める [medium],medium,AMBIGUOUS_PRIMARY_SENSE|TOO_MANY_SENSES,true,false,wordnet-only,"6 candidate meanings remained after dictionary merge, so top-3 selection is heuristic. High sense count: WordNet synsets 11, Wiktionary senses 0."
upstairs,1,adverb: 階上へ・上の階へ [medium],,,medium,AMBIGUOUS_PRIMARY_SENSE,true,true,supported-by-both,"5 candidate meanings remained after dictionary merge, so top-3 selection is heuristic."
utility,1,noun: ユーティリティー・ユーティリティ [high],noun: 有用・公益法人 [medium],noun: 公共事業・公共サービス [medium],medium,AMBIGUOUS_PRIMARY_SENSE,true,true,supported-by-both,"7 candidate meanings remained after dictionary merge, so top-3 selection is heuristic."
vacancy,1,noun: 空位・空席 [medium],,,medium,AMBIGUOUS_PRIMARY_SENSE,true,true,supported-by-both,"5 candidate meanings remained after dictionary merge, so top-3 selection is heuristic."
vacation,1,noun: 休暇・バカンス [medium],,,medium,AMBIGUOUS_PRIMARY_SENSE,true,true,supported-by-both,"4 candidate meanings remained after dictionary merge, so top-3 selection is heuristic."
verbal,1,adjective: 言葉の・言語による [medium],adjective: 口頭の・口述の [medium],noun: 準動詞 [medium],medium,AMBIGUOUS_PRIMARY_SENSE,false,true,wiktionary-only,"5 candidate meanings remained after dictionary merge, so top-3 selection is heuristic."
workshop,1,noun: 講習会・研修会 [high],noun: 仕事場・工場 [medium],,medium,AMBIGUOUS_PRIMARY_SENSE,true,true,supported-by-both,"4 candidate meanings remained after dictionary merge, so top-3 selection is heuristic."
acclaim,2,verb: 称える・褒める [medium],,,medium,AMBIGUOUS_PRIMARY_SENSE,true,true,supported-by-both,"7 candidate meanings remained after dictionary merge, so top-3 selection is heuristic."
aggregate,2,noun: 集団・集合体 [high],noun: 総数・合計 [medium],,medium,AMBIGUOUS_PRIMARY_SENSE|TOO_MANY_SENSES,true,true,supported-by-both,"10 candidate meanings remained after dictionary merge, so top-3 selection is heuristic. High sense count: WordNet synsets 7, Wiktionary senses 10."
amenity,2,noun: 快適性・快適さ [medium],,,medium,AMBIGUOUS_PRIMARY_SENSE,true,true,supported-by-both,"4 candidate meanings remained after dictionary merge, so top-3 selection is heuristic."
antique,2,noun: 骨董品・アンティーク [high],adjective: 骨董品の・古臭い [medium],,medium,AMBIGUOUS_PRIMARY_SENSE,true,true,supported-by-both,"7 candidate meanings remained after dictionary merge, so top-3 selection is heuristic."
apprehensive,2,adjective: 恐れて・気掛かり [medium],adjective: 気遣っている・悩ましい [medium],,medium,AMBIGUOUS_PRIMARY_SENSE,true,true,supported-by-both,"4 candidate meanings remained after dictionary merge, so top-3 selection is heuristic."
approximate,2,verb: 見積もる・積る [high],verb: 近づく・接近 [high],adjective: およその・概ねの [medium],medium,AMBIGUOUS_PRIMARY_SENSE,true,true,supported-by-both,"4 candidate meanings remained after dictionary merge, so top-3 selection is heuristic."
approximation,2,noun: 近似値・近似 [high],noun: 近似値 [high],noun: 接近・予算 [medium],medium,AMBIGUOUS_PRIMARY_SENSE,true,true,supported-by-both,"4 candidate meanings remained after dictionary merge, so top-3 selection is heuristic."
arc,2,noun: 弧・円弧 [high],noun: アーク・弓 [high],,medium,TOO_MANY_SENSES,true,true,supported-by-both,"High sense count: WordNet synsets 4, Wiktionary senses 10."
await,2,verb: 待つ・待ち望む [medium],,,medium,AMBIGUOUS_PRIMARY_SENSE,true,true,supported-by-both,"4 candidate meanings remained after dictionary merge, so top-3 selection is heuristic."
beam,2,noun: 光線・ビーム [high],noun: 平均台 [high],verb: 微笑む・笑む [high],medium,TOO_MANY_SENSES,true,true,supported-by-both,"High sense count: WordNet synsets 13, Wiktionary senses 14."
bilingual,2,noun: バイリンガル [low],,,low,AMBIGUOUS_PRIMARY_SENSE|DICTIONARY_DISAGREEMENT|LOW_CONFIDENCE|POS_MISMATCH,true,true,disagreement,"At least one selected primary meaning has low confidence. Both dictionaries had data, but no selected candidate was supported by both sources. 4 candidate meanings remained after dictionary merge, so top-3 selection is heuristic. Top POS differs between dictionaries: WordNet=noun, Wiktionary=adjective."
bound,2,verb: 弾む・バウンドする [high],noun: 弾み・バウンド [high],adjective: 縛られた・束縛された [high],medium,TOO_MANY_SENSES,true,true,supported-by-both,"High sense count: WordNet synsets 17, Wiktionary senses 8."
bulk,2,verb: ふくらむ・かさばる [high],noun: かさ・体積 [medium],,medium,AMBIGUOUS_PRIMARY_SENSE|TOO_MANY_SENSES,true,true,supported-by-both,"8 candidate meanings remained after dictionary merge, so top-3 selection is heuristic. High sense count: WordNet synsets 5, Wiktionary senses 12."
bye,2,noun: 左様なら・おさらば [low],,,low,DICTIONARY_DISAGREEMENT|LOW_CONFIDENCE|POS_MISMATCH,true,true,disagreement,"At least one selected primary meaning has low confidence. Both dictionaries had data, but no selected candidate was supported by both sources. Top POS differs between dictionaries: WordNet=noun, Wiktionary=interjection."
cage,2,noun: 伏篭・臥篭 [medium],noun: ケージ・バッティングケージ [medium],verb: 縛り付ける [medium],medium,AMBIGUOUS_PRIMARY_SENSE,true,false,wordnet-only,"5 candidate meanings remained after dictionary merge, so top-3 selection is heuristic."
careless,2,adjective: 不注意な・卒爾 [medium],,,medium,AMBIGUOUS_PRIMARY_SENSE,true,true,supported-by-both,"6 candidate meanings remained after dictionary merge, so top-3 selection is heuristic."
carton,2,,,,low,MISSING_JAPANESE,false,false,missing,Neither dictionary provided a usable Japanese meaning for this sample word.
circuit,2,noun: 電気回路・回線 [high],noun: 周遊旅行・周遊 [high],noun: サーキット・周回路 [high],medium,TOO_MANY_SENSES,true,true,supported-by-both,"High sense count: WordNet synsets 8, Wiktionary senses 12."
clap,2,noun: 淋病 [medium],noun: かちん [medium],verb: 褒める・賛える [medium],medium,AMBIGUOUS_PRIMARY_SENSE|TOO_MANY_SENSES,true,false,wordnet-only,"4 candidate meanings remained after dictionary merge, so top-3 selection is heuristic. High sense count: WordNet synsets 10, Wiktionary senses 0."
collective,2,adjective: 集合の・集団の [medium],,,medium,AMBIGUOUS_PRIMARY_SENSE|TOO_MANY_SENSES,true,true,supported-by-both,"8 candidate meanings remained after dictionary merge, so top-3 selection is heuristic. High sense count: WordNet synsets 4, Wiktionary senses 10."
comb,2,noun: 鶏冠 [high],noun: 櫛 [medium],,medium,AMBIGUOUS_PRIMARY_SENSE|TOO_MANY_SENSES,true,true,supported-by-both,"8 candidate meanings remained after dictionary merge, so top-3 selection is heuristic. High sense count: WordNet synsets 8, Wiktionary senses 12."
commerce,2,noun: 商業・互市 [medium],,,medium,AMBIGUOUS_PRIMARY_SENSE,true,true,supported-by-both,"4 candidate meanings remained after dictionary merge, so top-3 selection is heuristic."
competence,2,noun: 能力・伎倆 [medium],,,medium,AMBIGUOUS_PRIMARY_SENSE,true,true,supported-by-both,"4 candidate meanings remained after dictionary merge, so top-3 selection is heuristic."
complement,2,noun: 補体 [high],verb: 完全にする・補完 [high],noun: 補足・総勢 [medium],medium,AMBIGUOUS_PRIMARY_SENSE|TOO_MANY_SENSES,true,true,supported-by-both,"11 candidate meanings remained after dictionary merge, so top-3 selection is heuristic. High sense count: WordNet synsets 7, Wiktionary senses 12."
complication,2,noun: 縺れ・錯綜 [medium],noun: 煩雑・紛糾 [medium],noun: 交錯・併発 [medium],medium,AMBIGUOUS_PRIMARY_SENSE,true,false,wordnet-only,"4 candidate meanings remained after dictionary merge, so top-3 selection is heuristic."
compliment,2,verb: 褒める・賞賛する [high],noun: 褒め言葉・表敬 [medium],,medium,AMBIGUOUS_PRIMARY_SENSE,true,true,supported-by-both,"4 candidate meanings remained after dictionary merge, so top-3 selection is heuristic."
consonant,2,noun: 子音・父音 [high],noun: 子音 [high],adjective: 一致する・一致した [medium],medium,AMBIGUOUS_PRIMARY_SENSE,true,true,supported-by-both,"5 candidate meanings remained after dictionary merge, so top-3 selection is heuristic."
continental,2,adjective: 大陸の・大陸性の [medium],,,medium,AMBIGUOUS_PRIMARY_SENSE,true,true,supported-by-both,"4 candidate meanings remained after dictionary merge, so top-3 selection is heuristic."
convergence,2,noun: 収束・収斂 [high],noun: 集合・集中 [medium],,medium,AMBIGUOUS_PRIMARY_SENSE,true,true,supported-by-both,"6 candidate meanings remained after dictionary merge, so top-3 selection is heuristic."
cooler,2,noun: クーラー [medium],noun: 冷蔵庫・クーラー [medium],,medium,AMBIGUOUS_PRIMARY_SENSE,true,true,supported-by-both,"7 candidate meanings remained after dictionary merge, so top-3 selection is heuristic."
cord,2,noun: コード [high],noun: 紐・吊紐 [medium],,medium,AMBIGUOUS_PRIMARY_SENSE,true,true,supported-by-both,"5 candidate meanings remained after dictionary merge, so top-3 selection is heuristic."
cordless,2,,,,low,MISSING_JAPANESE,false,false,missing,Neither dictionary provided a usable Japanese meaning for this sample word.
correlate,2,noun: 相関・相関的 [medium],verb: 相関・関連 [medium],verb: 関連 [medium],medium,AMBIGUOUS_PRIMARY_SENSE,true,false,wordnet-only,"4 candidate meanings remained after dictionary merge, so top-3 selection is heuristic."
counselor,2,noun: 専門的見地から助言を与える人・顧問 [high],noun: キャンプの指導教官・キャンプ指導員 [medium],,medium,AMBIGUOUS_PRIMARY_SENSE,true,true,supported-by-both,"4 candidate meanings remained after dictionary merge, so top-3 selection is heuristic."
courtesy,2,noun: 礼儀正しい行為 [medium],noun: 厚意 [medium],adjective: 儀礼上の [medium],medium,AMBIGUOUS_PRIMARY_SENSE,false,true,wiktionary-only,"5 candidate meanings remained after dictionary merge, so top-3 selection is heuristic."
crane,2,noun: クレーン・起重機 [high],noun: 鶴・ツル [medium],,medium,AMBIGUOUS_PRIMARY_SENSE,true,true,supported-by-both,"8 candidate meanings remained after dictionary merge, so top-3 selection is heuristic."
debit,2,noun: 借方 [medium],noun: 銀行口座からの引き出し額 [medium],verb: 借方に記入する [medium],medium,AMBIGUOUS_PRIMARY_SENSE,false,true,wiktionary-only,"6 candidate meanings remained after dictionary merge, so top-3 selection is heuristic."
delicate,2,adjective: 壊れやすい・弱い [high],adjective: 繊細な・繊細 [high],,medium,TOO_MANY_SENSES,true,true,supported-by-both,"High sense count: WordNet synsets 7, Wiktionary senses 11."
derivative,2,adjective: 派生的な・派生的 [high],noun: 派生語 [high],noun: 派生商品・デリバティブ [high],medium,TOO_MANY_SENSES,true,true,supported-by-both,"High sense count: WordNet synsets 5, Wiktionary senses 10."
deviation,2,noun: 逸脱 [medium],noun: 偏差 [medium],noun: 偏り・偏差 [medium],medium,AMBIGUOUS_PRIMARY_SENSE,true,false,wordnet-only,"4 candidate meanings remained after dictionary merge, so top-3 selection is heuristic."
diamond,2,noun: ダイヤモンド・金剛石 [high],noun: ダイアモンドの指輪・球場 [high],noun: 菱形・斜方形 [high],medium,TOO_MANY_SENSES,true,true,supported-by-both,"High sense count: WordNet synsets 6, Wiktionary senses 13."
discard,2,verb: 捨てる・廃棄する [medium],,,medium,AMBIGUOUS_PRIMARY_SENSE,true,true,supported-by-both,"5 candidate meanings remained after dictionary merge, so top-3 selection is heuristic."
disconnect,2,verb: 電源を切る・切る [high],verb: 分離する・接続を断つ [medium],,medium,AMBIGUOUS_PRIMARY_SENSE,true,true,supported-by-both,"6 candidate meanings remained after dictionary merge, so top-3 selection is heuristic."
discourse,2,verb: 会話する・話す [high],noun: 言語表現・談義 [medium],,medium,AMBIGUOUS_PRIMARY_SENSE,true,true,supported-by-both,"9 candidate meanings remained after dictionary merge, so top-3 selection is heuristic."
dispatch,2,verb: 派遣する・出す [medium],,,medium,AMBIGUOUS_PRIMARY_SENSE,true,true,supported-by-both,"9 candidate meanings remained after dictionary merge, so top-3 selection is heuristic."
disturbance,2,noun: 妨害・妨げ [high],noun: 騒ぎ・騒乱 [medium],,medium,AMBIGUOUS_PRIMARY_SENSE,true,true,supported-by-both,"5 candidate meanings remained after dictionary merge, so top-3 selection is heuristic."
dive,2,verb: 飛び込む・飛込む [high],noun: 急降下 [high],noun: 飛び込み・飛込 [medium],medium,AMBIGUOUS_PRIMARY_SENSE|TOO_MANY_SENSES,true,true,supported-by-both,"9 candidate meanings remained after dictionary merge, so top-3 selection is heuristic. High sense count: WordNet synsets 6, Wiktionary senses 10."
diverse,2,adjective: 多様な・様様な [medium],,,medium,AMBIGUOUS_PRIMARY_SENSE,true,true,supported-by-both,"4 candidate meanings remained after dictionary merge, so top-3 selection is heuristic."
dose,2,noun: 一服・一回分 [medium],noun: 用量・服用量 [medium],noun: 性病 [medium],medium,AMBIGUOUS_PRIMARY_SENSE,true,false,wordnet-only,"4 candidate meanings remained after dictionary merge, so top-3 selection is heuristic."
downsize,2,,,,low,MISSING_JAPANESE,false,false,missing,Neither dictionary provided a usable Japanese meaning for this sample word.
drum,2,noun: 太鼓・膜鳴楽器 [medium],noun: ドラム缶 [medium],verb: リズミカルに打つ [medium],medium,AMBIGUOUS_PRIMARY_SENSE,true,false,wordnet-only,"4 candidate meanings remained after dictionary merge, so top-3 selection is heuristic."
dull,2,adjective: 刃物が鈍い・切れ味の悪い [high],adjective: 感覚が鈍い・鈍感な [high],adjective: 退屈な・つまらない [high],medium,TOO_MANY_SENSES,true,true,supported-by-both,"High sense count: WordNet synsets 19, Wiktionary senses 8."
embed,2,verb: 嵌める・植える [medium],,,medium,AMBIGUOUS_PRIMARY_SENSE,true,true,supported-by-both,"4 candidate meanings remained after dictionary merge, so top-3 selection is heuristic."
equality,2,noun: 匹敵・一律 [high],noun: 同等・同一 [medium],,medium,AMBIGUOUS_PRIMARY_SENSE,true,true,supported-by-both,"4 candidate meanings remained after dictionary merge, so top-3 selection is heuristic."
evacuate,2,verb: 避難させる・空っぽにする [medium],,,medium,AMBIGUOUS_PRIMARY_SENSE,true,true,supported-by-both,"4 candidate meanings remained after dictionary merge, so top-3 selection is heuristic."
ex,2,noun: 先妻 [medium],noun: 前夫 [medium],,medium,AMBIGUOUS_PRIMARY_SENSE,true,true,supported-by-both,"4 candidate meanings remained after dictionary merge, so top-3 selection is heuristic."
excellence,2,noun: 優等・優良 [medium],noun: 出色・素晴らしさ [medium],,medium,AMBIGUOUS_PRIMARY_SENSE,true,true,supported-by-both,"4 candidate meanings remained after dictionary merge, so top-3 selection is heuristic."
exotic,2,adjective: 外来の・外来性 [medium],,,medium,AMBIGUOUS_PRIMARY_SENSE,true,true,supported-by-both,"7 candidate meanings remained after dictionary merge, so top-3 selection is heuristic."
expedite,2,verb: 促進する・捗らせる [medium],,,medium,AMBIGUOUS_PRIMARY_SENSE,true,true,supported-by-both,"4 candidate meanings remained after dictionary merge, so top-3 selection is heuristic."
faculty,2,noun: 能力・技能 [medium],,,medium,AMBIGUOUS_PRIMARY_SENSE,true,true,supported-by-both,"4 candidate meanings remained after dictionary merge, so top-3 selection is heuristic."
favorable,2,adjective: 好意的な・承諾の [medium],,,medium,AMBIGUOUS_PRIMARY_SENSE,true,true,supported-by-both,"4 candidate meanings remained after dictionary merge, so top-3 selection is heuristic."
fiber,2,noun: 繊維・衣料繊維 [high],noun: 生地・人品 [medium],,medium,AMBIGUOUS_PRIMARY_SENSE,true,true,supported-by-both,"4 candidate meanings remained after dictionary merge, so top-3 selection is heuristic."
fiscal,2,adjective: 会計の・国庫の [medium],,,medium,AMBIGUOUS_PRIMARY_SENSE,true,true,supported-by-both,"4 candidate meanings remained after dictionary merge, so top-3 selection is heuristic."
fixture,2,noun: 修正・修復 [medium],noun: 設備・作付け [medium],noun: 堅さ・不抜 [medium],medium,AMBIGUOUS_PRIMARY_SENSE,true,false,wordnet-only,"4 candidate meanings remained after dictionary merge, so top-3 selection is heuristic."
fleet,2,noun: 艦隊 [high],adjective: 速い・神速 [high],noun: 全車両・全船舶 [medium],medium,AMBIGUOUS_PRIMARY_SENSE|TOO_MANY_SENSES,true,true,supported-by-both,"11 candidate meanings remained after dictionary merge, so top-3 selection is heuristic. High sense count: WordNet synsets 7, Wiktionary senses 13."
flextime,2,,,,low,MISSING_JAPANESE,false,true,wiktionary-only,Neither dictionary provided a usable Japanese meaning for this sample word.
fog,2,noun: 混迷・当惑 [high],noun: 霧・靄 [medium],,medium,AMBIGUOUS_PRIMARY_SENSE,true,true,supported-by-both,"8 candidate meanings remained after dictionary merge, so top-3 selection is heuristic."
fork,2,noun: フォーク・ホーク [high],noun: 分岐点・分岐 [high],verb: 分岐する・分岐 [high],medium,TOO_MANY_SENSES,true,true,supported-by-both,"High sense count: WordNet synsets 9, Wiktionary senses 23."
foster,2,noun: 保護する・フォスター [medium],,,medium,AMBIGUOUS_PRIMARY_SENSE,true,true,supported-by-both,"9 candidate meanings remained after dictionary merge, so top-3 selection is heuristic."
founder,2,verb: 失敗する・失敗 [high],verb: 沈没する・沈没 [high],noun: 創設者・設立者 [medium],medium,AMBIGUOUS_PRIMARY_SENSE,true,true,supported-by-both,"4 candidate meanings remained after dictionary merge, so top-3 selection is heuristic."
fry,2,noun: フライドポテト・フライ [high],verb: 炒る・煎る [medium],,medium,AMBIGUOUS_PRIMARY_SENSE|TOO_MANY_SENSES,true,true,supported-by-both,"9 candidate meanings remained after dictionary merge, so top-3 selection is heuristic. High sense count: WordNet synsets 6, Wiktionary senses 15."
fundraise,2,,,,low,MISSING_JAPANESE,false,false,missing,Neither dictionary provided a usable Japanese meaning for this sample word.
generator,2,noun: ジェネレータ・ジェネレーター [high],noun: 生み出す人・物 [medium],,medium,AMBIGUOUS_PRIMARY_SENSE,true,true,supported-by-both,"5 candidate meanings remained after dictionary merge, so top-3 selection is heuristic."
getaway,2,noun: 逃亡・逃げ [medium],,,medium,AMBIGUOUS_PRIMARY_SENSE,true,true,supported-by-both,"5 candidate meanings remained after dictionary merge, so top-3 selection is heuristic."
gossip,2,noun: 噂話・陰口 [high],noun: 世間話・雑談 [high],noun: 噂好きな人・金棒引き [medium],medium,AMBIGUOUS_PRIMARY_SENSE,true,true,supported-by-both,"6 candidate meanings remained after dictionary merge, so top-3 selection is heuristic."
graphics,2,noun: グラフィックス・グラフィクス [high],noun: 製図法・図版 [medium],,medium,AMBIGUOUS_PRIMARY_SENSE,true,true,supported-by-both,"4 candidate meanings remained after dictionary merge, so top-3 selection is heuristic."
gum,2,noun: 歯元・歯肉 [medium],noun: 護謨 [medium],noun: 接着剤・糊 [medium],medium,AMBIGUOUS_PRIMARY_SENSE|TOO_MANY_SENSES,true,false,wordnet-only,"5 candidate meanings remained after dictionary merge, so top-3 selection is heuristic. High sense count: WordNet synsets 10, Wiktionary senses 0."
habitual,2,adjective: 習慣的な・慣例的 [medium],,,medium,AMBIGUOUS_PRIMARY_SENSE,true,true,supported-by-both,"4 candidate meanings remained after dictionary merge, so top-3 selection is heuristic."
healthcare,2,,,,low,MISSING_JAPANESE,false,false,missing,Neither dictionary provided a usable Japanese meaning for this sample word.
homemade,2,,,,low,MISSING_JAPANESE,false,false,missing,Neither dictionary provided a usable Japanese meaning for this sample word.
housekeep,2,,,,low,MISSING_JAPANESE,false,false,missing,Neither dictionary provided a usable Japanese meaning for this sample word.
immune,2,adjective: 影響されない [high],adjective: 免疫の・免疫性 [medium],,medium,AMBIGUOUS_PRIMARY_SENSE,true,true,supported-by-both,"5 candidate meanings remained after dictionary merge, so top-3 selection is heuristic."
impatient,2,adjective: せっかちな・歯痒い [medium],,,medium,AMBIGUOUS_PRIMARY_SENSE,true,true,supported-by-both,"4 candidate meanings remained after dictionary merge, so top-3 selection is heuristic."
inclusion,2,noun: 含有・包含 [high],noun: 参加・加入 [medium],,medium,AMBIGUOUS_PRIMARY_SENSE,true,true,supported-by-both,"5 candidate meanings remained after dictionary merge, so top-3 selection is heuristic."
inclusive,2,adjective: 全てを含んだ・包括的な [medium],,,medium,AMBIGUOUS_PRIMARY_SENSE,true,true,supported-by-both,"4 candidate meanings remained after dictionary merge, so top-3 selection is heuristic."
induce,2,verb: 誘発する・出産を促す [high],verb: 帰納する・帰納 [high],verb: 産む・齎す [medium],medium,AMBIGUOUS_PRIMARY_SENSE,true,true,supported-by-both,"5 candidate meanings remained after dictionary merge, so top-3 selection is heuristic."
induction,2,noun: 入会・就任 [medium],noun: 感応・誘導 [medium],noun: 誘導 [medium],medium,AMBIGUOUS_PRIMARY_SENSE,true,false,wordnet-only,"4 candidate meanings remained after dictionary merge, so top-3 selection is heuristic."
infect,2,verb: 感染させる・移す [medium],,,medium,AMBIGUOUS_PRIMARY_SENSE,true,true,supported-by-both,"4 candidate meanings remained after dictionary merge, so top-3 selection is heuristic."
infinite,2,adjective: 果てしない・無限 [high],adjective: 無限大の・宏大無辺 [medium],,medium,AMBIGUOUS_PRIMARY_SENSE,true,true,supported-by-both,"4 candidate meanings remained after dictionary merge, so top-3 selection is heuristic."
initiate,2,verb: 始める・開始する [high],noun: 新加入者・新参者 [medium],,medium,AMBIGUOUS_PRIMARY_SENSE,true,true,supported-by-both,"5 candidate meanings remained after dictionary merge, so top-3 selection is heuristic."
insert,2,noun: 挿入物・挿入 [high],verb: 差し込む・挿入する [medium],,medium,AMBIGUOUS_PRIMARY_SENSE,true,true,supported-by-both,"4 candidate meanings remained after dictionary merge, so top-3 selection is heuristic."
integral,2,adjective: 必須の・不可欠な [medium],,,medium,AMBIGUOUS_PRIMARY_SENSE,true,true,supported-by-both,"4 candidate meanings remained after dictionary merge, so top-3 selection is heuristic."
interval,2,noun: 時間・期間 [medium],noun: 区間 [medium],noun: 狭間・空隙 [medium],medium,AMBIGUOUS_PRIMARY_SENSE,true,false,wordnet-only,"4 candidate meanings remained after dictionary merge, so top-3 selection is heuristic."
jeans,2,,,,low,MISSING_JAPANESE,false,false,missing,Neither dictionary provided a usable Japanese meaning for this sample word.
junior,2,noun: 年下の者・年下 [high],adjective: 下位の・下級の [medium],,medium,AMBIGUOUS_PRIMARY_SENSE,true,true,supported-by-both,"8 candidate meanings remained after dictionary merge, so top-3 selection is heuristic."
junk,2,noun: 屑・らくた [medium],,,medium,AMBIGUOUS_PRIMARY_SENSE,true,true,supported-by-both,"7 candidate meanings remained after dictionary merge, so top-3 selection is heuristic."
lateral,2,,,,low,MISSING_JAPANESE,false,false,missing,Neither dictionary provided a usable Japanese meaning for this sample word.
leaf,2,noun: 葉・樹葉 [medium],,,medium,AMBIGUOUS_PRIMARY_SENSE,true,true,supported-by-both,"6 candidate meanings remained after dictionary merge, so top-3 selection is heuristic."
lifeguard,2,,,,low,MISSING_JAPANESE,false,false,missing,Neither dictionary provided a usable Japanese meaning for this sample word.
likelihood,2,noun: 可能性・公算 [medium],,,medium,AMBIGUOUS_PRIMARY_SENSE,true,true,supported-by-both,"4 candidate meanings remained after dictionary merge, so top-3 selection is heuristic."
linear,2,adjective: 線状の [medium],adjective: 線の [medium],adjective: 長くて狭い [medium],medium,AMBIGUOUS_PRIMARY_SENSE,false,true,wiktionary-only,"5 candidate meanings remained after dictionary merge, so top-3 selection is heuristic."
longitudinal,2,,,,low,MISSING_JAPANESE,false,false,missing,Neither dictionary provided a usable Japanese meaning for this sample word.
loop,2,noun: ループ・繰り返し [high],noun: ループ [high],noun: 蹄状紋 [high],medium,TOO_MANY_SENSES,true,true,supported-by-both,"High sense count: WordNet synsets 15, Wiktionary senses 33."
magnitude,2,noun: 規模・大いさ [high],noun: 大きさ・桁 [medium],noun: 重要度・重要性 [medium],medium,AMBIGUOUS_PRIMARY_SENSE,true,true,supported-by-both,"4 candidate meanings remained after dictionary merge, so top-3 selection is heuristic."
marginal,2,adjective: 端っこの [medium],adjective: 欄外の [medium],adjective: ぎりぎりの [medium],medium,AMBIGUOUS_PRIMARY_SENSE,false,true,wiktionary-only,"4 candidate meanings remained after dictionary merge, so top-3 selection is heuristic."
mediate,2,verb: 仲裁する・取成す [medium],adjective: 仲介の・間接的 [medium],,medium,AMBIGUOUS_PRIMARY_SENSE,true,true,supported-by-both,"4 candidate meanings remained after dictionary merge, so top-3 selection is heuristic."
merit,2,verb: 値する・価する [high],noun: 功・功績 [medium],,medium,AMBIGUOUS_PRIMARY_SENSE,true,true,supported-by-both,"4 candidate meanings remained after dictionary merge, so top-3 selection is heuristic."
messenger,2,noun: 伝令・使者 [medium],,,medium,AMBIGUOUS_PRIMARY_SENSE,true,true,supported-by-both,"4 candidate meanings remained after dictionary merge, so top-3 selection is heuristic."
neat,2,adjective: 生の・ストレート [high],adjective: 品の良い・好い [high],adjective: 整った・小ぎれい [medium],medium,AMBIGUOUS_PRIMARY_SENSE,true,true,supported-by-both,"9 candidate meanings remained after dictionary merge, so top-3 selection is heuristic."
node,2,noun: 葉節点 [high],noun: ノード・ゲスト [high],noun: 瘤・膨れ [medium],medium,AMBIGUOUS_PRIMARY_SENSE,true,true,supported-by-both,"6 candidate meanings remained after dictionary merge, so top-3 selection is heuristic."
non,2,,,,low,MISSING_JAPANESE,false,false,missing,Neither dictionary provided a usable Japanese meaning for this sample word.
nonlinear,2,,,,low,MISSING_JAPANESE,false,false,missing,Neither dictionary provided a usable Japanese meaning for this sample word.
nucleus,2,noun: 原子核・核 [high],noun: 細胞核・核 [high],noun: 核・核心 [medium],medium,AMBIGUOUS_PRIMARY_SENSE,true,true,supported-by-both,"6 candidate meanings remained after dictionary merge, so top-3 selection is heuristic."
oral,2,adjective: 経口の・経口的 [medium],,,medium,AMBIGUOUS_PRIMARY_SENSE,true,true,supported-by-both,"5 candidate meanings remained after dictionary merge, so top-3 selection is heuristic."
outfit,2,noun: 一揃いの衣服・部隊 [medium],noun: 用具一式・道具一式 [medium],,medium,AMBIGUOUS_PRIMARY_SENSE,true,true,supported-by-both,"7 candidate meanings remained after dictionary merge, so top-3 selection is heuristic."
outlook,2,noun: 見張り台・見張り [high],noun: 見晴らし・眺め [medium],,medium,AMBIGUOUS_PRIMARY_SENSE,true,true,supported-by-both,"4 candidate meanings remained after dictionary merge, so top-3 selection is heuristic."
overcrowd,2,,,,low,MISSING_JAPANESE,false,false,missing,Neither dictionary provided a usable Japanese meaning for this sample word.
overlap,2,noun: 重なり・重複 [high],verb: 部分的に重ねる・重ね合わせる [medium],,medium,AMBIGUOUS_PRIMARY_SENSE,true,true,supported-by-both,"6 candidate meanings remained after dictionary merge, so top-3 selection is heuristic."
pad,2,noun: 印肉 [medium],noun: 下宿 [medium],verb: 歩む・重い足取りで歩く [medium],medium,AMBIGUOUS_PRIMARY_SENSE|TOO_MANY_SENSES,true,false,wordnet-only,"6 candidate meanings remained after dictionary merge, so top-3 selection is heuristic. High sense count: WordNet synsets 11, Wiktionary senses 0."
pan,2,noun: 浅手の片手鍋・平鍋 [high],verb: 水平方向に回し撮影する・パンする [high],,medium,TOO_MANY_SENSES,true,true,supported-by-both,"High sense count: WordNet synsets 7, Wiktionary senses 24."
par,2,noun: 標準・基準 [high],noun: 同一・同値 [medium],,medium,AMBIGUOUS_PRIMARY_SENSE|TOO_MANY_SENSES,true,true,supported-by-both,"6 candidate meanings remained after dictionary merge, so top-3 selection is heuristic. High sense count: WordNet synsets 3, Wiktionary senses 10."
parcel,2,noun: 小包・小荷物 [medium],,,medium,AMBIGUOUS_PRIMARY_SENSE,true,true,supported-by-both,"7 candidate meanings remained after dictionary merge, so top-3 selection is heuristic."
particle,2,noun: 粒子・素粒子 [high],noun: 小詞・不変化詞 [high],noun: かけら・小粒 [medium],medium,AMBIGUOUS_PRIMARY_SENSE,true,true,supported-by-both,"5 candidate meanings remained after dictionary merge, so top-3 selection is heuristic."
partition,2,noun: 中隔・仕切 [medium],noun: 分割・分周 [medium],verb: 仕切る・分割 [medium],medium,AMBIGUOUS_PRIMARY_SENSE,true,false,wordnet-only,"4 candidate meanings remained after dictionary merge, so top-3 selection is heuristic."
petition,2,noun: 請願書・陳情書 [high],noun: 請願・心願 [medium],,medium,AMBIGUOUS_PRIMARY_SENSE,true,true,supported-by-both,"5 candidate meanings remained after dictionary merge, so top-3 selection is heuristic."
pillow,2,noun: 枕・敷妙 [medium],,,medium,AMBIGUOUS_PRIMARY_SENSE,true,true,supported-by-both,"5 candidate meanings remained after dictionary merge, so top-3 selection is heuristic."
pole,2,noun: 棒・ポール [medium],,,medium,AMBIGUOUS_PRIMARY_SENSE|TOO_MANY_SENSES,true,true,supported-by-both,"6 candidate meanings remained after dictionary merge, so top-3 selection is heuristic. High sense count: WordNet synsets 13, Wiktionary senses 5."
poorly,2,adverb: 貧しく・貧困に瀕して [medium],,,medium,AMBIGUOUS_PRIMARY_SENSE,true,true,supported-by-both,"6 candidate meanings remained after dictionary merge, so top-3 selection is heuristic."
pre,2,,,,low,MISSING_JAPANESE,false,false,missing,Neither dictionary provided a usable Japanese meaning for this sample word.
prestigious,2,,,,low,MISSING_JAPANESE,false,false,missing,Neither dictionary provided a usable Japanese meaning for this sample word.
probe,2,noun: 調査・審査 [medium],,,medium,AMBIGUOUS_PRIMARY_SENSE,true,true,supported-by-both,"8 candidate meanings remained after dictionary merge, so top-3 selection is heuristic."
psychiatric,2,,,,low,MISSING_JAPANESE,false,false,missing,Neither dictionary provided a usable Japanese meaning for this sample word.
pulse,2,noun: 周波・活動電位 [medium],noun: 心悸・心拍 [medium],verb: 拍動・搏動 [medium],medium,AMBIGUOUS_PRIMARY_SENSE,true,false,wordnet-only,"5 candidate meanings remained after dictionary merge, so top-3 selection is heuristic."
railway,2,noun: 鉄道・鉄道会社 [high],noun: 鉄道路線・線路 [medium],,medium,AMBIGUOUS_PRIMARY_SENSE,true,true,supported-by-both,"5 candidate meanings remained after dictionary merge, so top-3 selection is heuristic."
ray,2,noun: 光線・光束 [high],verb: 発する・照射 [medium],,medium,AMBIGUOUS_PRIMARY_SENSE|TOO_MANY_SENSES,true,true,supported-by-both,"5 candidate meanings remained after dictionary merge, so top-3 selection is heuristic. High sense count: WordNet synsets 10, Wiktionary senses 5."
redecorate,2,,,,low,MISSING_JAPANESE,false,false,missing,Neither dictionary provided a usable Japanese meaning for this sample word.
redesign,2,,,,low,MISSING_JAPANESE,false,false,missing,Neither dictionary provided a usable Japanese meaning for this sample word.
reflexive,2,noun: 再帰代名詞・再帰動詞 [high],adjective: 反射の・反射的 [medium],,medium,AMBIGUOUS_PRIMARY_SENSE,true,true,supported-by-both,"5 candidate meanings remained after dictionary merge, so top-3 selection is heuristic."
refresh,2,verb: 爽やかにする・元気付ける [medium],,,medium,AMBIGUOUS_PRIMARY_SENSE,true,true,supported-by-both,"4 candidate meanings remained after dictionary merge, so top-3 selection is heuristic."
refundable,2,,,,low,MISSING_JAPANESE,false,false,missing,Neither dictionary provided a usable Japanese meaning for this sample word.
regression,2,noun: 退行 [high],noun: 回帰・平均への回帰 [high],noun: 後退・逆戻り [medium],medium,AMBIGUOUS_PRIMARY_SENSE,true,true,supported-by-both,"6 candidate meanings remained after dictionary merge, so top-3 selection is heuristic."
relaxation,2,noun: 軽減・緩み [high],noun: 緩和・緩和法 [high],noun: 休み・休息 [medium],medium,AMBIGUOUS_PRIMARY_SENSE,true,true,supported-by-both,"6 candidate meanings remained after dictionary merge, so top-3 selection is heuristic."
relieve,2,verb: 軽減する・軽減 [high],verb: 解放する・解放 [high],,medium,TOO_MANY_SENSES,true,true,supported-by-both,"High sense count: WordNet synsets 11, Wiktionary senses 6."
repairperson,2,,,,low,MISSING_JAPANESE,false,false,missing,Neither dictionary provided a usable Japanese meaning for this sample word.
retreat,2,noun: 退却・後退 [high],,,medium,TOO_MANY_SENSES,true,true,supported-by-both,"High sense count: WordNet synsets 11, Wiktionary senses 6."
retrieve,2,verb: 取り戻す・取戻す [high],,,medium,TOO_MANY_SENSES,true,true,supported-by-both,"High sense count: WordNet synsets 4, Wiktionary senses 11."
revolutionize,2,,,,low,MISSING_JAPANESE,false,false,missing,Neither dictionary provided a usable Japanese meaning for this sample word.
rubber,2,noun: ゴム・生ゴム [high],,,medium,TOO_MANY_SENSES,true,true,supported-by-both,"High sense count: WordNet synsets 7, Wiktionary senses 14."
salespeople,2,,,,low,MISSING_JAPANESE,false,false,missing,Neither dictionary provided a usable Japanese meaning for this sample word.
selective,2,adjective: 選択的な・選択の [medium],adjective: 選び抜かれた・精選の [medium],adjective: 目の肥えた・うるさい [medium],medium,AMBIGUOUS_PRIMARY_SENSE,false,true,wiktionary-only,"4 candidate meanings remained after dictionary merge, so top-3 selection is heuristic."
skate,2,noun: スケート靴・スケート [high],verb: スケートをする・滑る [high],noun: ガンギエイ [high],medium,TOO_MANY_SENSES,true,true,supported-by-both,"High sense count: WordNet synsets 3, Wiktionary senses 12."
slot,2,noun: 透き・隙間 [medium],noun: スロット [medium],verb: 時間枠に組み入れる [medium],medium,AMBIGUOUS_PRIMARY_SENSE,true,false,wordnet-only,"5 candidate meanings remained after dictionary merge, so top-3 selection is heuristic."
soar,2,noun: 上昇・飛翔 [high],verb: 舞い上がる・昇る [medium],,medium,AMBIGUOUS_PRIMARY_SENSE,true,true,supported-by-both,"5 candidate meanings remained after dictionary merge, so top-3 selection is heuristic."
span,2,noun: 時間・期間 [medium],verb: 渡る・横たわる [medium],noun: 径間・梁間 [medium],medium,AMBIGUOUS_PRIMARY_SENSE,true,false,wordnet-only,"5 candidate meanings remained after dictionary merge, so top-3 selection is heuristic."
spill,2,verb: 流す・殺傷する [high],verb: 漏らす・零す [high],verb: こぼす・ばら撒く [medium],medium,AMBIGUOUS_PRIMARY_SENSE|TOO_MANY_SENSES,true,true,supported-by-both,"11 candidate meanings remained after dictionary merge, so top-3 selection is heuristic. High sense count: WordNet synsets 10, Wiktionary senses 9."
spray,2,noun: 噴霧器・スプレー [high],verb: 噴霧する・吹き付ける [high],noun: 小枝 [high],medium,TOO_MANY_SENSES,true,true,supported-by-both,"High sense count: WordNet synsets 9, Wiktionary senses 10."
staple,2,noun: 必需品・恒常商品 [medium],noun: 元種・原料 [medium],verb: 留める [medium],medium,AMBIGUOUS_PRIMARY_SENSE,true,false,wordnet-only,"5 candidate meanings remained after dictionary merge, so top-3 selection is heuristic."
steak,2,,,,low,MISSING_JAPANESE,false,false,missing,Neither dictionary provided a usable Japanese meaning for this sample word.
steer,2,noun: 去勢牛 [medium],noun: ヒント [medium],verb: 進路を取る [medium],medium,AMBIGUOUS_PRIMARY_SENSE,true,false,wordnet-only,"5 candidate meanings remained after dictionary merge, so top-3 selection is heuristic."
stripe,2,noun: 縞・筋 [medium],,,medium,AMBIGUOUS_PRIMARY_SENSE,true,true,supported-by-both,"5 candidate meanings remained after dictionary merge, so top-3 selection is heuristic."
substitution,2,noun: 代理・代用 [medium],,,medium,AMBIGUOUS_PRIMARY_SENSE,true,true,supported-by-both,"4 candidate meanings remained after dictionary merge, so top-3 selection is heuristic."
syntactic,2,,,,low,MISSING_JAPANESE,false,false,missing,Neither dictionary provided a usable Japanese meaning for this sample word.
systematic,2,adjective: 規律正しい・秩序立った [medium],adjective: 分類法の・分類学的 [medium],,medium,AMBIGUOUS_PRIMARY_SENSE,true,true,supported-by-both,"4 candidate meanings remained after dictionary merge, so top-3 selection is heuristic."
tablet,2,noun: 平板・銘板 [medium],,,medium,AMBIGUOUS_PRIMARY_SENSE,true,true,supported-by-both,"6 candidate meanings remained after dictionary merge, so top-3 selection is heuristic."
teller,2,noun: 話し手・語り [medium],,,medium,AMBIGUOUS_PRIMARY_SENSE,true,true,supported-by-both,"4 candidate meanings remained after dictionary merge, so top-3 selection is heuristic."
temporal,2,adjective: 現世の・世俗の [medium],adjective: 時の・時間の [medium],,medium,AMBIGUOUS_PRIMARY_SENSE,true,true,supported-by-both,"6 candidate meanings remained after dictionary merge, so top-3 selection is heuristic."
termination,2,noun: 打ち切り・中止 [medium],,,medium,AMBIGUOUS_PRIMARY_SENSE,true,true,supported-by-both,"6 candidate meanings remained after dictionary merge, so top-3 selection is heuristic."
thrill,2,noun: 快哉・快感 [medium],noun: 寒慄・戦き [medium],verb: 浮かす・ぞくぞく [medium],medium,AMBIGUOUS_PRIMARY_SENSE,true,false,wordnet-only,"5 candidate meanings remained after dictionary merge, so top-3 selection is heuristic."
timely,2,adjective: 時宜に適った・タイムリ [medium],,,medium,AMBIGUOUS_PRIMARY_SENSE,true,true,supported-by-both,"5 candidate meanings remained after dictionary merge, so top-3 selection is heuristic."
toll,2,noun: 犠牲・損失 [high],noun: 通行料・使用料 [medium],,medium,AMBIGUOUS_PRIMARY_SENSE|TOO_MANY_SENSES,true,true,supported-by-both,"8 candidate meanings remained after dictionary merge, so top-3 selection is heuristic. High sense count: WordNet synsets 5, Wiktionary senses 17."
tumor,2,noun: 腫瘍・新生物 [low],,,low,DICTIONARY_DISAGREEMENT|LOW_CONFIDENCE|POS_MISMATCH,true,true,disagreement,"At least one selected primary meaning has low confidence. Both dictionaries had data, but no selected candidate was supported by both sources. Top POS differs between dictionaries: WordNet=noun, Wiktionary=proper noun."
unity,2,noun: 一つ・ワン [medium],noun: 兼併・合一 [medium],noun: 個体・完全 [medium],medium,AMBIGUOUS_PRIMARY_SENSE,true,true,supported-by-both,"6 candidate meanings remained after dictionary merge, so top-3 selection is heuristic."
unusually,2,adverb: 一風変わって・著しく [medium],,,medium,AMBIGUOUS_PRIMARY_SENSE,true,true,supported-by-both,"4 candidate meanings remained after dictionary merge, so top-3 selection is heuristic."
vacate,2,verb: 退く・辞する [high],verb: 空ける・空にする [medium],,medium,AMBIGUOUS_PRIMARY_SENSE,true,true,supported-by-both,"4 candidate meanings remained after dictionary merge, so top-3 selection is heuristic."
variability,2,,,,low,MISSING_JAPANESE,false,false,missing,Neither dictionary provided a usable Japanese meaning for this sample word.
variant,2,adjective: 異形の・別様 [medium],noun: 異形・品種 [medium],noun: 変異体・変異型 [medium],medium,AMBIGUOUS_PRIMARY_SENSE,true,true,supported-by-both,"5 candidate meanings remained after dictionary merge, so top-3 selection is heuristic."
videoconference,2,,,,low,MISSING_JAPANESE,false,false,missing,Neither dictionary provided a usable Japanese meaning for this sample word.
virtue,2,noun: 純潔・節操 [high],noun: 効力・佳処 [medium],noun: 美徳・善心 [medium],medium,AMBIGUOUS_PRIMARY_SENSE,true,true,supported-by-both,"6 candidate meanings remained after dictionary merge, so top-3 selection is heuristic."
waive,2,verb: 差し控える・失う [medium],,,medium,AMBIGUOUS_PRIMARY_SENSE,true,true,supported-by-both,"6 candidate meanings remained after dictionary merge, so top-3 selection is heuristic."
ward,2,noun: 病室・病棟 [high],verb: 守る・保護する [high],noun: 保護・監督 [medium],medium,AMBIGUOUS_PRIMARY_SENSE|TOO_MANY_SENSES,true,true,supported-by-both,"9 candidate meanings remained after dictionary merge, so top-3 selection is heuristic. High sense count: WordNet synsets 8, Wiktionary senses 16."
wrinkle,2,noun: 皺・皺襞 [medium],verb: 皺を作る・皺む [medium],,medium,AMBIGUOUS_PRIMARY_SENSE,true,true,supported-by-both,"6 candidate meanings remained after dictionary merge, so top-3 selection is heuristic."
a,3,noun: ビタミンA [medium],noun: オングストローム [medium],noun: A型 [medium],low,AMBIGUOUS_PRIMARY_SENSE|UNNATURAL_JAPANESE|TOO_MANY_SENSES,true,true,supported-by-both,"Selected display text may be unnatural: ビタミンA / A型. 10 candidate meanings remained after dictionary merge, so top-3 selection is heuristic. High sense count: WordNet synsets 7, Wiktionary senses 24."
able,3,adjective: 可能 [high],adjective: 優秀・有能 [medium],adjective: 敏腕・有能 [medium],medium,AMBIGUOUS_PRIMARY_SENSE,true,true,supported-by-both,"5 candidate meanings remained after dictionary merge, so top-3 selection is heuristic."
about,3,adverb: 先ず・凡そ [low],,,low,AMBIGUOUS_PRIMARY_SENSE|DICTIONARY_DISAGREEMENT|LOW_CONFIDENCE|POS_MISMATCH,true,true,disagreement,"At least one selected primary meaning has low confidence. Both dictionaries had data, but no selected candidate was supported by both sources. 11 candidate meanings remained after dictionary merge, so top-3 selection is heuristic. Top POS differs between dictionaries: WordNet=adverb, Wiktionary=preposition."
above,3,adverb: 上に・上位に [high],noun: 上記 [high],,medium,TOO_MANY_SENSES,true,true,supported-by-both,"High sense count: WordNet synsets 4, Wiktionary senses 11."
account,3,noun: 説明・解説 [high],noun: 報告・報道 [high],noun: 勘定・愛想 [high],medium,TOO_MANY_SENSES,true,true,supported-by-both,"High sense count: WordNet synsets 14, Wiktionary senses 10."
across,3,adverb: 横切って [low],,,low,AMBIGUOUS_PRIMARY_SENSE|DICTIONARY_DISAGREEMENT|LOW_CONFIDENCE|POS_MISMATCH,true,true,disagreement,"At least one selected primary meaning has low confidence. Both dictionaries had data, but no selected candidate was supported by both sources. 6 candidate meanings remained after dictionary merge, so top-3 selection is heuristic. Top POS differs between dictionaries: WordNet=adverb, Wiktionary=preposition."
action,3,noun: 行動・活動 [high],noun: 活気・行動力 [high],noun: 影響・作用 [high],medium,TOO_MANY_SENSES,true,true,supported-by-both,"High sense count: WordNet synsets 12, Wiktionary senses 14."
add,3,verb: 加える・足す [high],verb: 言い足す・付足す [medium],,medium,AMBIGUOUS_PRIMARY_SENSE,true,true,supported-by-both,"4 candidate meanings remained after dictionary merge, so top-3 selection is heuristic."
age,3,noun: 年代・年歯 [high],noun: 年齢・年令 [medium],verb: 年を取る・老いる [medium],medium,AMBIGUOUS_PRIMARY_SENSE,true,true,supported-by-both,"9 candidate meanings remained after dictionary merge, so top-3 selection is heuristic."
ago,3,adverb: 以前に [low],,,low,DICTIONARY_DISAGREEMENT|LOW_CONFIDENCE|POS_MISMATCH,true,true,disagreement,"At least one selected primary meaning has low confidence. Both dictionaries had data, but no selected candidate was supported by both sources. Top POS differs between dictionaries: WordNet=adverb, Wiktionary=postp."
alien,3,noun: 異星人・宇宙人 [high],adjective: 相容れない・異質 [high],noun: 異邦人・唐人 [medium],medium,AMBIGUOUS_PRIMARY_SENSE,true,true,supported-by-both,"10 candidate meanings remained after dictionary merge, so top-3 selection is heuristic."
allow,3,verb: 許す・可能にする [high],verb: 見込む・鑑みる [high],,medium,TOO_MANY_SENSES,true,true,supported-by-both,"High sense count: WordNet synsets 10, Wiktionary senses 4."
along,3,adverb: 先へ・前へ [medium],adverb: 伴って・持って [medium],,medium,AMBIGUOUS_PRIMARY_SENSE,true,true,supported-by-both,"4 candidate meanings remained after dictionary merge, so top-3 selection is heuristic."
among,3,,,,low,MISSING_JAPANESE,false,true,wiktionary-only,Neither dictionary provided a usable Japanese meaning for this sample word.
amongst,3,,,,low,MISSING_JAPANESE,false,true,wiktionary-only,Neither dictionary provided a usable Japanese meaning for this sample word.
and,3,conjunction: ある複数の事柄を並列・列挙するときに用いる [medium],conjunction: 時間的な経過の順序を表す [medium],conjunction: 物事の連続や進行を表す [medium],medium,AMBIGUOUS_PRIMARY_SENSE|TOO_MANY_SENSES,false,true,wiktionary-only,"6 candidate meanings remained after dictionary merge, so top-3 selection is heuristic. High sense count: WordNet synsets 0, Wiktionary senses 11."
another,3,adjective: 別個・別 [low],,,low,AMBIGUOUS_PRIMARY_SENSE|DICTIONARY_DISAGREEMENT|LOW_CONFIDENCE|POS_MISMATCH,true,true,disagreement,"At least one selected primary meaning has low confidence. Both dictionaries had data, but no selected candidate was supported by both sources. 4 candidate meanings remained after dictionary merge, so top-3 selection is heuristic. Top POS differs between dictionaries: WordNet=adjective, Wiktionary=det."
answer,3,verb: 答える・返事をする [high],verb: 答える [high],noun: 解答・受答 [medium],medium,AMBIGUOUS_PRIMARY_SENSE|TOO_MANY_SENSES,true,true,supported-by-both,"7 candidate meanings remained after dictionary merge, so top-3 selection is heuristic. High sense count: WordNet synsets 15, Wiktionary senses 5."
any,3,adverb: 何らか・何等か [low],,,low,AMBIGUOUS_PRIMARY_SENSE|DICTIONARY_DISAGREEMENT|LOW_CONFIDENCE|POS_MISMATCH,true,true,disagreement,"At least one selected primary meaning has low confidence. Both dictionaries had data, but no selected candidate was supported by both sources. 5 candidate meanings remained after dictionary merge, so top-3 selection is heuristic. Top POS differs between dictionaries: WordNet=adverb, Wiktionary=det."
approach,3,verb: 近づく・近よる [high],noun: 接近・近接 [high],noun: 接近 [high],medium,TOO_MANY_SENSES,true,true,supported-by-both,"High sense count: WordNet synsets 14, Wiktionary senses 7."
articulate,3,verb: 明確に表現する・現す [high],adjective: 明確な・明瞭な [medium],,medium,AMBIGUOUS_PRIMARY_SENSE,true,true,supported-by-both,"10 candidate meanings remained after dictionary merge, so top-3 selection is heuristic."
artifact,3,noun: 人為的な結果・アーチファクト [medium],,,medium,AMBIGUOUS_PRIMARY_SENSE,true,true,supported-by-both,"5 candidate meanings remained after dictionary merge, so top-3 selection is heuristic."
as,3,adverb: 斉しく・等しく [medium],,,medium,AMBIGUOUS_PRIMARY_SENSE|TOO_MANY_SENSES,true,true,supported-by-both,"6 candidate meanings remained after dictionary merge, so top-3 selection is heuristic. High sense count: WordNet synsets 3, Wiktionary senses 12."
at,3,noun: アット [low],,,low,AMBIGUOUS_PRIMARY_SENSE|DICTIONARY_DISAGREEMENT|LOW_CONFIDENCE|POS_MISMATCH,true,true,disagreement,"At least one selected primary meaning has low confidence. Both dictionaries had data, but no selected candidate was supported by both sources. 6 candidate meanings remained after dictionary merge, so top-3 selection is heuristic. Top POS differs between dictionaries: WordNet=noun, Wiktionary=preposition."
away,3,adverb: 去って・離れて [high],adverb: 離れて [high],adverb: 休まず・せっせと [high],medium,TOO_MANY_SENSES,true,true,supported-by-both,"High sense count: WordNet synsets 14, Wiktionary senses 8."
back,3,noun: 背・後ろ [high],noun: 背骨・脊柱 [high],verb: 後退させる・バックさせる [high],medium,TOO_MANY_SENSES,true,true,supported-by-both,"High sense count: WordNet synsets 28, Wiktionary senses 15."
bad,3,adjective: 悪い・良からぬ [high],adjective: 悪い [high],adverb: ひどく・とても [high],medium,TOO_MANY_SENSES,true,true,supported-by-both,"High sense count: WordNet synsets 17, Wiktionary senses 13."
bang,3,noun: 強打・激しい一撃 [medium],noun: 快哉・快感 [medium],verb: 叩く・かっ飛ばす [medium],medium,AMBIGUOUS_PRIMARY_SENSE|TOO_MANY_SENSES,true,false,wordnet-only,"6 candidate meanings remained after dictionary merge, so top-3 selection is heuristic. High sense count: WordNet synsets 12, Wiktionary senses 0."
barrel,3,noun: バレル [high],noun: 銃身・砲身 [high],noun: 樽・菰被 [medium],medium,AMBIGUOUS_PRIMARY_SENSE,true,true,supported-by-both,"7 candidate meanings remained after dictionary merge, so top-3 selection is heuristic."
base,3,noun: 基・土台 [high],noun: 基地・軍事基地 [high],adjective: 品性が卑しい・低い [high],medium,TOO_MANY_SENSES,true,true,supported-by-both,"High sense count: WordNet synsets 30, Wiktionary senses 12."
basin,3,noun: 盆地 [high],noun: 鉢・たらい [medium],,medium,AMBIGUOUS_PRIMARY_SENSE,true,true,supported-by-both,"4 candidate meanings remained after dictionary merge, so top-3 selection is heuristic."
bat,3,noun: 蝙蝠・蚊食鳥 [high],noun: バット・棍棒 [high],verb: 破る・大破 [medium],medium,AMBIGUOUS_PRIMARY_SENSE|TOO_MANY_SENSES,true,true,supported-by-both,"6 candidate meanings remained after dictionary merge, so top-3 selection is heuristic. High sense count: WordNet synsets 10, Wiktionary senses 5."
be,3,verb: でご座る・で御座る [medium],verb: 候う・在す [medium],noun: ベリリウム [medium],medium,AMBIGUOUS_PRIMARY_SENSE|TOO_MANY_SENSES,true,false,wordnet-only,"9 candidate meanings remained after dictionary merge, so top-3 selection is heuristic. High sense count: WordNet synsets 14, Wiktionary senses 0."
bear,3,verb: 運ぶ・持つ [high],verb: 生む・生す [high],verb: 咲かせる・付ける [high],medium,TOO_MANY_SENSES,true,true,supported-by-both,"High sense count: WordNet synsets 15, Wiktionary senses 8."
because,3,,,,low,MISSING_JAPANESE,false,true,wiktionary-only,Neither dictionary provided a usable Japanese meaning for this sample word.
believe,3,verb: 信じる・信ずる [high],verb: 信じる [high],verb: 思う・惟う [medium],medium,AMBIGUOUS_PRIMARY_SENSE,true,true,supported-by-both,"4 candidate meanings remained after dictionary merge, so top-3 selection is heuristic."
big,3,adjective: 大きい・意義深い [high],,,medium,TOO_MANY_SENSES,true,true,supported-by-both,"High sense count: WordNet synsets 17, Wiktionary senses 6."
billion,3,noun: 億兆・百萬 [low],,,low,AMBIGUOUS_PRIMARY_SENSE|DICTIONARY_DISAGREEMENT|LOW_CONFIDENCE|POS_MISMATCH,true,true,disagreement,"At least one selected primary meaning has low confidence. Both dictionaries had data, but no selected candidate was supported by both sources. 5 candidate meanings remained after dictionary merge, so top-3 selection is heuristic. Top POS differs between dictionaries: WordNet=noun, Wiktionary=num."
binary,3,noun: 連星・二重星 [high],,,medium,TOO_MANY_SENSES,true,true,supported-by-both,"High sense count: WordNet synsets 4, Wiktionary senses 10."
bit,3,noun: 少し・少々 [high],,,medium,TOO_MANY_SENSES,true,true,supported-by-both,"High sense count: WordNet synsets 11, Wiktionary senses 5."
black,3,noun: 黒・黒色 [high],noun: 黒人・黒奴 [high],adjective: 暗黒・真暗 [high],medium,TOO_MANY_SENSES,true,true,supported-by-both,"High sense count: WordNet synsets 22, Wiktionary senses 14."
blank,3,adjective: 空白の・白紙の [high],noun: 空白・空欄 [high],noun: 空砲 [high],medium,TOO_MANY_SENSES,true,true,supported-by-both,"High sense count: WordNet synsets 8, Wiktionary senses 26."
body,3,noun: 団体・組織 [high],noun: 物体 [high],noun: 本文・本論 [high],medium,TOO_MANY_SENSES,true,true,supported-by-both,"High sense count: WordNet synsets 12, Wiktionary senses 7."
book,3,noun: 本・書物 [medium],noun: 帳簿・元帳 [medium],,medium,AMBIGUOUS_PRIMARY_SENSE|TOO_MANY_SENSES,true,true,supported-by-both,"7 candidate meanings remained after dictionary merge, so top-3 selection is heuristic. High sense count: WordNet synsets 15, Wiktionary senses 5."
break,3,verb: 壊す・止める [high],verb: 中断する・中断 [high],noun: 中断・中絶 [high],medium,TOO_MANY_SENSES,true,true,supported-by-both,"High sense count: WordNet synsets 75, Wiktionary senses 11."
breakdown,3,noun: 故障・ブレイクダウン [high],noun: 精神などの崩壊・崩壊 [high],,medium,TOO_MANY_SENSES,true,true,supported-by-both,"High sense count: WordNet synsets 4, Wiktionary senses 16."
bring,3,verb: もたらす [high],verb: 売れる [high],,medium,TOO_MANY_SENSES,true,true,supported-by-both,"High sense count: WordNet synsets 11, Wiktionary senses 7."
bucket,3,noun: バケツ・手桶 [high],,,medium,TOO_MANY_SENSES,true,true,supported-by-both,"High sense count: WordNet synsets 4, Wiktionary senses 14."
bundle,3,noun: 束・包み [high],noun: 大金・札束 [high],verb: 包む・括る [high],medium,TOO_MANY_SENSES,true,true,supported-by-both,"High sense count: WordNet synsets 7, Wiktionary senses 15."
business,3,noun: 事業・家業 [high],noun: ビジネス・事業 [high],noun: 対処を要する問題・問題 [high],medium,TOO_MANY_SENSES,true,true,supported-by-both,"High sense count: WordNet synsets 9, Wiktionary senses 19."
but,3,adverb: 一人・僅々 [low],,,low,AMBIGUOUS_PRIMARY_SENSE|DICTIONARY_DISAGREEMENT|LOW_CONFIDENCE|POS_MISMATCH,true,true,disagreement,"At least one selected primary meaning has low confidence. Both dictionaries had data, but no selected candidate was supported by both sources. 7 candidate meanings remained after dictionary merge, so top-3 selection is heuristic. Top POS differs between dictionaries: WordNet=adverb, Wiktionary=conjunction."
call,3,noun: 訪問 [high],noun: 声・叫び [high],verb: 呼び出す・呼ぶ [high],medium,TOO_MANY_SENSES,true,true,supported-by-both,"High sense count: WordNet synsets 41, Wiktionary senses 10."
can,3,verb: できる・缶詰にする [medium],,,medium,AMBIGUOUS_PRIMARY_SENSE,true,true,supported-by-both,"9 candidate meanings remained after dictionary merge, so top-3 selection is heuristic."
capitalist,3,noun: 資本主義者 [high],noun: 資本家・ブルジョア [high],adjective: 資本主義の・資本主義に関する [medium],medium,AMBIGUOUS_PRIMARY_SENSE,true,true,supported-by-both,"4 candidate meanings remained after dictionary merge, so top-3 selection is heuristic."
car,3,noun: 客車・貨車といった動力を有さない車両 [high],noun: 自動車・乗用車 [medium],,medium,AMBIGUOUS_PRIMARY_SENSE,true,true,supported-by-both,"4 candidate meanings remained after dictionary merge, so top-3 selection is heuristic."
care,3,noun: 懇切・ご念 [medium],verb: 大事にする・構う [medium],,medium,AMBIGUOUS_PRIMARY_SENSE|TOO_MANY_SENSES,true,true,supported-by-both,"4 candidate meanings remained after dictionary merge, so top-3 selection is heuristic. High sense count: WordNet synsets 11, Wiktionary senses 4."
carry,3,verb: 運ぶ・持運ぶ [high],verb: 運ぶ [high],verb: 届く・伝わる [high],medium,TOO_MANY_SENSES,true,true,supported-by-both,"High sense count: WordNet synsets 41, Wiktionary senses 3."
case,3,noun: 事件・事例 [high],noun: ケース [high],noun: 陳列棚・ケース [high],medium,TOO_MANY_SENSES,true,true,supported-by-both,"High sense count: WordNet synsets 22, Wiktionary senses 11."
center,3,noun: 中心・中央 [high],verb: 集中する・集中 [high],,medium,TOO_MANY_SENSES,true,true,supported-by-both,"High sense count: WordNet synsets 23, Wiktionary senses 8."
change,3,verb: 着替える・着換える [high],verb: 乗り換える・換える [high],noun: 変化・両替 [high],medium,TOO_MANY_SENSES,true,true,supported-by-both,"High sense count: WordNet synsets 20, Wiktionary senses 14."
charge,3,noun: 突撃・突貫 [high],noun: 充電・荷電 [high],verb: 荷を積む・荷積みする [high],medium,TOO_MANY_SENSES,true,true,supported-by-both,"High sense count: WordNet synsets 40, Wiktionary senses 25."
cheat,3,verb: いかさまをする・偽る [medium],,,medium,AMBIGUOUS_PRIMARY_SENSE,true,true,supported-by-both,"8 candidate meanings remained after dictionary merge, so top-3 selection is heuristic."
choose,3,verb: 選ぶ・選む [high],verb: 択ぶ・択む [medium],,medium,AMBIGUOUS_PRIMARY_SENSE,true,true,supported-by-both,"7 candidate meanings remained after dictionary merge, so top-3 selection is heuristic."
chunk,3,noun: 大きな塊・厚切り [medium],,,medium,AMBIGUOUS_PRIMARY_SENSE,true,true,supported-by-both,"7 candidate meanings remained after dictionary merge, so top-3 selection is heuristic."
circa,3,,,,low,MISSING_JAPANESE,false,true,wiktionary-only,Neither dictionary provided a usable Japanese meaning for this sample word.
city,3,noun: 都市・市 [medium],,,medium,AMBIGUOUS_PRIMARY_SENSE,true,true,supported-by-both,"7 candidate meanings remained after dictionary merge, so top-3 selection is heuristic."
class,3,noun: 階層・階級 [high],noun: クラス・学級 [high],noun: 授業・授業科目 [high],medium,TOO_MANY_SENSES,true,true,supported-by-both,"High sense count: WordNet synsets 9, Wiktionary senses 11."
clear,3,adjective: 綺麗な・すっきりした [high],adjective: はっきりした・鮮明な [high],verb: クリアする・全て取り除く [high],medium,TOO_MANY_SENSES,true,true,supported-by-both,"High sense count: WordNet synsets 45, Wiktionary senses 23."
close,3,verb: 締まる・閉じる [high],verb: 引ける・閉じる [high],adjective: 近い・間近い [high],medium,TOO_MANY_SENSES,true,true,supported-by-both,"High sense count: WordNet synsets 37, Wiktionary senses 23."
color,3,noun: 色彩・色艶 [high],noun: 色・彩り [medium],,medium,AMBIGUOUS_PRIMARY_SENSE|TOO_MANY_SENSES,true,true,supported-by-both,"12 candidate meanings remained after dictionary merge, so top-3 selection is heuristic. High sense count: WordNet synsets 15, Wiktionary senses 11."
come,3,verb: 来る・参る [high],verb: 来る [high],verb: なる・達する [high],medium,TOO_MANY_SENSES,true,true,supported-by-both,"High sense count: WordNet synsets 22, Wiktionary senses 10."
communicative,3,,,,low,MISSING_JAPANESE,false,false,missing,Neither dictionary provided a usable Japanese meaning for this sample word.
company,3,noun: 会社・企業 [high],noun: 交際・中隊 [high],noun: 来客・客人 [high],medium,TOO_MANY_SENSES,true,true,supported-by-both,"High sense count: WordNet synsets 10, Wiktionary senses 5."
composite,3,noun: 合成物・混成物 [medium],,,medium,AMBIGUOUS_PRIMARY_SENSE,true,true,supported-by-both,"4 candidate meanings remained after dictionary merge, so top-3 selection is heuristic."
computer,3,noun: 職業として計算する人・計算する人 [high],noun: コンピュータ・電算 [medium],,medium,AMBIGUOUS_PRIMARY_SENSE,true,true,supported-by-both,"4 candidate meanings remained after dictionary merge, so top-3 selection is heuristic."
condition,3,noun: 条件・前提条件 [high],noun: 条件 [high],noun: 状態 [high],medium,TOO_MANY_SENSES,true,true,supported-by-both,"High sense count: WordNet synsets 13, Wiktionary senses 11."
confine,3,verb: 限る・制限する [high],verb: 制限する・限定する [medium],,medium,AMBIGUOUS_PRIMARY_SENSE|TOO_MANY_SENSES,true,true,supported-by-both,"7 candidate meanings remained after dictionary merge, so top-3 selection is heuristic. High sense count: WordNet synsets 6, Wiktionary senses 10."
conserve,3,verb: 保存する・保存 [high],verb: 保護する・切り詰める [medium],,medium,AMBIGUOUS_PRIMARY_SENSE,true,true,supported-by-both,"4 candidate meanings remained after dictionary merge, so top-3 selection is heuristic."
constitution,3,noun: 憲法・国法 [high],noun: 制定・創始 [high],noun: 構造・構成 [medium],medium,AMBIGUOUS_PRIMARY_SENSE,true,true,supported-by-both,"5 candidate meanings remained after dictionary merge, so top-3 selection is heuristic."
control,3,noun: 統制・コントロール [high],verb: 操作する・コントロールする [medium],noun: 影響力・支配力 [medium],medium,AMBIGUOUS_PRIMARY_SENSE|TOO_MANY_SENSES,true,true,supported-by-both,"6 candidate meanings remained after dictionary merge, so top-3 selection is heuristic. High sense count: WordNet synsets 19, Wiktionary senses 6."
coordination,3,noun: 調整・一致 [medium],,,medium,AMBIGUOUS_PRIMARY_SENSE,true,true,supported-by-both,"5 candidate meanings remained after dictionary merge, so top-3 selection is heuristic."
cost,3,noun: 代価・代金 [high],noun: 犠牲・代償 [high],verb: 費用がかかる・懸る [medium],medium,AMBIGUOUS_PRIMARY_SENSE,true,true,supported-by-both,"7 candidate meanings remained after dictionary merge, so top-3 selection is heuristic."
could,3,,,,low,MISSING_JAPANESE,false,true,wiktionary-only,Neither dictionary provided a usable Japanese meaning for this sample word.
country,3,noun: 国・国家 [high],,,medium,TOO_MANY_SENSES,true,true,supported-by-both,"High sense count: WordNet synsets 5, Wiktionary senses 10."
course,3,noun: 進路・コース [high],noun: 方針・遣方 [high],noun: 課程・講座 [high],medium,TOO_MANY_SENSES,true,true,supported-by-both,"High sense count: WordNet synsets 13, Wiktionary senses 4."
cover,3,noun: 覆い・カバー [high],noun: 表紙・上紙 [high],verb: 覆う [high],medium,TOO_MANY_SENSES,true,true,supported-by-both,"High sense count: WordNet synsets 36, Wiktionary senses 16."
crude,3,noun: 原油・石油 [high],adjective: 天然のままの・粗い [medium],,medium,AMBIGUOUS_PRIMARY_SENSE,true,true,supported-by-both,"7 candidate meanings remained after dictionary merge, so top-3 selection is heuristic."
cut,3,verb: 切断する・伐る [high],verb: 切れる [high],noun: 切断・切傷 [high],medium,TOO_MANY_SENSES,true,true,supported-by-both,"High sense count: WordNet synsets 70, Wiktionary senses 19."
cyclic,3,adjective: 周期的な・周期性 [medium],,,medium,AMBIGUOUS_PRIMARY_SENSE,true,true,supported-by-both,"4 candidate meanings remained after dictionary merge, so top-3 selection is heuristic."
damp,3,noun: 湿気・水気 [high],adjective: 湿った・湿っぽい [medium],,medium,AMBIGUOUS_PRIMARY_SENSE|TOO_MANY_SENSES,true,true,supported-by-both,"10 candidate meanings remained after dictionary merge, so top-3 selection is heuristic. High sense count: WordNet synsets 6, Wiktionary senses 10."
date,3,noun: 日付・日づけ [high],noun: デート・デート相手 [high],verb: デートする・デート [high],medium,TOO_MANY_SENSES,true,true,supported-by-both,"High sense count: WordNet synsets 13, Wiktionary senses 5."
day,3,noun: 昼・昼間 [high],noun: 一日・太陽日 [high],,medium,TOO_MANY_SENSES,true,true,supported-by-both,"High sense count: WordNet synsets 10, Wiktionary senses 4."
deal,3,noun: 取引・商賈 [high],verb: 分配する・扱う [medium],noun: 契約・万斛 [medium],medium,AMBIGUOUS_PRIMARY_SENSE|TOO_MANY_SENSES,true,true,supported-by-both,"8 candidate meanings remained after dictionary merge, so top-3 selection is heuristic. High sense count: WordNet synsets 22, Wiktionary senses 7."
deflection,3,noun: 屈折 [medium],noun: 反り [medium],noun: 余談・枝路 [medium],medium,AMBIGUOUS_PRIMARY_SENSE,true,true,supported-by-both,"4 candidate meanings remained after dictionary merge, so top-3 selection is heuristic."
dense,3,adjective: 密集した・密度の高い [medium],,,medium,AMBIGUOUS_PRIMARY_SENSE,true,true,supported-by-both,"4 candidate meanings remained after dictionary merge, so top-3 selection is heuristic."
detail,3,noun: ディテール・細部の描写 [high],verb: 列挙する・詳細に列挙する [medium],,medium,AMBIGUOUS_PRIMARY_SENSE|TOO_MANY_SENSES,true,true,supported-by-both,"8 candidate meanings remained after dictionary merge, so top-3 selection is heuristic. High sense count: WordNet synsets 7, Wiktionary senses 10."
develop,3,verb: 開発 [high],verb: 成長させる・発育させる [high],verb: 発達させる・発展させる [high],medium,TOO_MANY_SENSES,true,true,supported-by-both,"High sense count: WordNet synsets 21, Wiktionary senses 14."
dictate,3,noun: 命令・指令 [high],verb: 口述する・書き取らせる [high],verb: 命令する・指令する [medium],medium,AMBIGUOUS_PRIMARY_SENSE,true,true,supported-by-both,"4 candidate meanings remained after dictionary merge, so top-3 selection is heuristic."
dictionary,3,noun: 辞書・辞典 [medium],,,medium,AMBIGUOUS_PRIMARY_SENSE,true,true,supported-by-both,"4 candidate meanings remained after dictionary merge, so top-3 selection is heuristic."
die,3,verb: 死ぬ・枯れる [high],verb: 壊れる・打壊れる [high],noun: 金型・ダイス型 [high],medium,TOO_MANY_SENSES,true,true,supported-by-both,"High sense count: WordNet synsets 14, Wiktionary senses 6."
difference,3,noun: 異なる点や性質・差異 [high],noun: 逸脱 [medium],noun: 争議・喰違 [medium],medium,AMBIGUOUS_PRIMARY_SENSE,true,true,supported-by-both,"9 candidate meanings remained after dictionary merge, so top-3 selection is heuristic."
discharge,3,verb: 免じる・免除 [high],verb: 果たす・全う [high],noun: 放出 [high],medium,TOO_MANY_SENSES,true,true,supported-by-both,"High sense count: WordNet synsets 20, Wiktionary senses 15."
dissolve,3,verb: 解散する・解散 [high],verb: 溶かす・溶く [high],noun: ディゾルブ・ディゾルヴ [high],medium,TOO_MANY_SENSES,true,true,supported-by-both,"High sense count: WordNet synsets 12, Wiktionary senses 5."
do,3,verb: する・服する [high],verb: 振る舞う・振舞う [medium],,medium,AMBIGUOUS_PRIMARY_SENSE|TOO_MANY_SENSES,true,true,supported-by-both,"8 candidate meanings remained after dictionary merge, so top-3 selection is heuristic. High sense count: WordNet synsets 16, Wiktionary senses 9."
down,3,adverb: 南へ・地方へ [high],noun: ダウン [high],adverb: 下へ・下って [medium],medium,AMBIGUOUS_PRIMARY_SENSE|TOO_MANY_SENSES,true,true,supported-by-both,"16 candidate meanings remained after dictionary merge, so top-3 selection is heuristic. High sense count: WordNet synsets 26, Wiktionary senses 16."
draw,3,noun: 引き分け・引分け [high],verb: 引っぱる・引く [high],verb: 汲む・汲上げる [high],medium,TOO_MANY_SENSES,true,true,supported-by-both,"High sense count: WordNet synsets 45, Wiktionary senses 12."
drift,3,noun: 偏流・浮流 [high],noun: 趣旨・主旨 [high],verb: 漂う・浮流 [high],medium,TOO_MANY_SENSES,true,true,supported-by-both,"High sense count: WordNet synsets 17, Wiktionary senses 18."
drive,3,verb: 運転する・運転 [high],noun: ドライブ・ドライヴ [high],,medium,TOO_MANY_SENSES,true,true,supported-by-both,"High sense count: WordNet synsets 34, Wiktionary senses 15."
during,3,,,,low,MISSING_JAPANESE,false,true,wiktionary-only,Neither dictionary provided a usable Japanese meaning for this sample word.
early,3,adjective: 早い・早め [high],adjective: 早い [high],adjective: 時間の位置が前の・古い [medium],medium,AMBIGUOUS_PRIMARY_SENSE,true,true,supported-by-both,"9 candidate meanings remained after dictionary merge, so top-3 selection is heuristic."
easy,3,adjective: 容易な・容易 [high],,,medium,TOO_MANY_SENSES,true,true,supported-by-both,"High sense count: WordNet synsets 15, Wiktionary senses 7."
eat,3,verb: 穴を開ける・腐蝕させる [high],verb: 消費する・使う [high],verb: 召す・喰う [medium],medium,AMBIGUOUS_PRIMARY_SENSE|TOO_MANY_SENSES,true,true,supported-by-both,"9 candidate meanings remained after dictionary merge, so top-3 selection is heuristic. High sense count: WordNet synsets 6, Wiktionary senses 10."
eight,3,noun: 八つ・エイト [low],,,low,DICTIONARY_DISAGREEMENT|LOW_CONFIDENCE|POS_MISMATCH,true,true,disagreement,"At least one selected primary meaning has low confidence. Both dictionaries had data, but no selected candidate was supported by both sources. Top POS differs between dictionaries: WordNet=noun, Wiktionary=num."
eighty,3,noun: 八十 [low],,,low,DICTIONARY_DISAGREEMENT|LOW_CONFIDENCE|POS_MISMATCH,true,true,disagreement,"At least one selected primary meaning has low confidence. Both dictionaries had data, but no selected candidate was supported by both sources. Top POS differs between dictionaries: WordNet=noun, Wiktionary=num."
either,3,det: どちらか一方の・どちらの〜でも [medium],det: どちらか一方の [medium],pronoun: どちらか一方・どちらでも [medium],medium,AMBIGUOUS_PRIMARY_SENSE,false,true,wiktionary-only,"4 candidate meanings remained after dictionary merge, so top-3 selection is heuristic."
elaborate,3,adjective: 精巧な・綿密な [medium],,,medium,AMBIGUOUS_PRIMARY_SENSE,true,true,supported-by-both,"4 candidate meanings remained after dictionary merge, so top-3 selection is heuristic."
elevation,3,noun: 海抜・標高 [high],noun: 昇進・吊上 [medium],,medium,AMBIGUOUS_PRIMARY_SENSE,true,true,supported-by-both,"4 candidate meanings remained after dictionary merge, so top-3 selection is heuristic."
end,3,noun: 終わり・果て [high],noun: 端・末端 [high],noun: 目的・目標 [high],medium,TOO_MANY_SENSES,true,true,supported-by-both,"High sense count: WordNet synsets 18, Wiktionary senses 7."
even,3,adjective: 平な・水平な [medium],,,medium,AMBIGUOUS_PRIMARY_SENSE|TOO_MANY_SENSES,true,true,supported-by-both,"11 candidate meanings remained after dictionary merge, so top-3 selection is heuristic. High sense count: WordNet synsets 14, Wiktionary senses 10."
event,3,noun: 出来事・事象 [medium],,,medium,AMBIGUOUS_PRIMARY_SENSE,true,true,supported-by-both,"5 candidate meanings remained after dictionary merge, so top-3 selection is heuristic."
ever,3,adverb: 決して・曽て [medium],,,medium,AMBIGUOUS_PRIMARY_SENSE,true,true,supported-by-both,"7 candidate meanings remained after dictionary merge, so top-3 selection is heuristic."
every,3,adjective: 毎 [low],,,low,AMBIGUOUS_PRIMARY_SENSE|DICTIONARY_DISAGREEMENT|LOW_CONFIDENCE|POS_MISMATCH,true,true,disagreement,"At least one selected primary meaning has low confidence. Both dictionaries had data, but no selected candidate was supported by both sources. 4 candidate meanings remained after dictionary merge, so top-3 selection is heuristic. Top POS differs between dictionaries: WordNet=adjective, Wiktionary=det."
example,3,noun: 例・事例 [medium],,,medium,AMBIGUOUS_PRIMARY_SENSE,true,true,supported-by-both,"5 candidate meanings remained after dictionary merge, so top-3 selection is heuristic."
experience,3,noun: 経験・エクスペリエンス [high],verb: 味わう・舐める [high],verb: 経験する・知る [medium],medium,AMBIGUOUS_PRIMARY_SENSE,true,true,supported-by-both,"5 candidate meanings remained after dictionary merge, so top-3 selection is heuristic."
exploit,3,verb: 利用する・活用する [high],noun: 功績・偉業 [medium],,medium,AMBIGUOUS_PRIMARY_SENSE,true,true,supported-by-both,"6 candidate meanings remained after dictionary merge, so top-3 selection is heuristic."
eye,3,noun: 目玉模様・目玉 [high],noun: 目・眼力 [medium],noun: 目 [medium],medium,AMBIGUOUS_PRIMARY_SENSE|TOO_MANY_SENSES,true,true,supported-by-both,"10 candidate meanings remained after dictionary merge, so top-3 selection is heuristic. High sense count: WordNet synsets 6, Wiktionary senses 16."
face,3,noun: 表・表面 [high],verb: 向う・向く [high],noun: 顔・人間の顔 [medium],medium,AMBIGUOUS_PRIMARY_SENSE|TOO_MANY_SENSES,true,true,supported-by-both,"8 candidate meanings remained after dictionary merge, so top-3 selection is heuristic. High sense count: WordNet synsets 22, Wiktionary senses 8."
fall,3,verb: 落ちる・陥る [high],verb: 下がる・墜る [high],noun: 落下・下降 [high],medium,TOO_MANY_SENSES,true,true,supported-by-both,"High sense count: WordNet synsets 44, Wiktionary senses 14."
far,3,adjective: 遠い・遠くの [high],,,medium,TOO_MANY_SENSES,true,true,supported-by-both,"High sense count: WordNet synsets 10, Wiktionary senses 8."
father,3,noun: 父・乃父 [medium],noun: 年配の男性や神父の呼びかけ語・父なる神 [medium],verb: 父親になる・生む [medium],medium,AMBIGUOUS_PRIMARY_SENSE,true,true,supported-by-both,"5 candidate meanings remained after dictionary merge, so top-3 selection is heuristic."
feel,3,verb: 感じる・感ずる [high],verb: 触る・タッチ [high],noun: 感触・手触 [high],medium,TOO_MANY_SENSES,true,true,supported-by-both,"High sense count: WordNet synsets 17, Wiktionary senses 10."
fever,3,noun: 熱・高熱 [medium],,,medium,AMBIGUOUS_PRIMARY_SENSE,true,true,supported-by-both,"5 candidate meanings remained after dictionary merge, so top-3 selection is heuristic."
few,3,adjective: わずかの・少い [medium],,,medium,AMBIGUOUS_PRIMARY_SENSE,true,true,supported-by-both,"4 candidate meanings remained after dictionary merge, so top-3 selection is heuristic."
fifty,3,noun: 五十・五拾 [low],,,low,DICTIONARY_DISAGREEMENT|LOW_CONFIDENCE|POS_MISMATCH,true,true,disagreement,"At least one selected primary meaning has low confidence. Both dictionaries had data, but no selected candidate was supported by both sources. Top POS differs between dictionaries: WordNet=noun, Wiktionary=num."
figure,3,noun: 人物・名士 [high],noun: 図・図形 [high],noun: 数字・位 [high],medium,TOO_MANY_SENSES,true,true,supported-by-both,"High sense count: WordNet synsets 18, Wiktionary senses 9."
find,3,verb: 分る・思う [high],noun: 発見 [high],verb: 見つける・発見する [medium],medium,AMBIGUOUS_PRIMARY_SENSE|TOO_MANY_SENSES,true,true,supported-by-both,"5 candidate meanings remained after dictionary merge, so top-3 selection is heuristic. High sense count: WordNet synsets 18, Wiktionary senses 6."
first,3,adjective: 第一の・一番の [high],adverb: 初めて・始めて [high],noun: 初めて・前代未聞 [high],medium,TOO_MANY_SENSES,true,true,supported-by-both,"High sense count: WordNet synsets 16, Wiktionary senses 11."
flip,3,noun: 宙返り・翻筋斗 [high],verb: 弾く・さっと投げる [high],noun: 送球・トス [medium],medium,AMBIGUOUS_PRIMARY_SENSE|TOO_MANY_SENSES,true,true,supported-by-both,"12 candidate meanings remained after dictionary merge, so top-3 selection is heuristic. High sense count: WordNet synsets 18, Wiktionary senses 13."
flux,3,noun: 流量 [medium],noun: 流出 [medium],verb: 合す・交ざる [medium],medium,AMBIGUOUS_PRIMARY_SENSE|TOO_MANY_SENSES,true,false,wordnet-only,"9 candidate meanings remained after dictionary merge, so top-3 selection is heuristic. High sense count: WordNet synsets 11, Wiktionary senses 0."
follow,3,verb: 後に続く・続く [high],verb: 従う・随う [high],verb: 付いて行く・追う [medium],medium,AMBIGUOUS_PRIMARY_SENSE|TOO_MANY_SENSES,true,true,supported-by-both,"6 candidate meanings remained after dictionary merge, so top-3 selection is heuristic. High sense count: WordNet synsets 24, Wiktionary senses 7."
for,3,conjunction: 故に・なぜならば [medium],conjunction: するために [medium],preposition: 時間・期間の長さを示す [medium],medium,AMBIGUOUS_PRIMARY_SENSE|TOO_MANY_SENSES,false,true,wiktionary-only,"6 candidate meanings remained after dictionary merge, so top-3 selection is heuristic. High sense count: WordNet synsets 0, Wiktionary senses 24."
force,3,verb: 強いる・強制する [high],noun: 力 [medium],noun: 軍・軍隊 [medium],medium,AMBIGUOUS_PRIMARY_SENSE|TOO_MANY_SENSES,true,true,supported-by-both,"12 candidate meanings remained after dictionary merge, so top-3 selection is heuristic. High sense count: WordNet synsets 19, Wiktionary senses 6."
form,3,noun: 形・形状 [high],noun: 雛形・書式 [high],verb: 形式を成す・体系付ける [medium],medium,AMBIGUOUS_PRIMARY_SENSE|TOO_MANY_SENSES,true,true,supported-by-both,"9 candidate meanings remained after dictionary merge, so top-3 selection is heuristic. High sense count: WordNet synsets 23, Wiktionary senses 6."
forty,3,noun: 四十 [low],,,low,DICTIONARY_DISAGREEMENT|LOW_CONFIDENCE|POS_MISMATCH,true,true,disagreement,"At least one selected primary meaning has low confidence. Both dictionaries had data, but no selected candidate was supported by both sources. Top POS differs between dictionaries: WordNet=noun, Wiktionary=num."
forward,3,adjective: 前に・前方の位置の [high],adverb: 前に・前方に [high],verb: 転送する・回送する [high],medium,TOO_MANY_SENSES,true,true,supported-by-both,"High sense count: WordNet synsets 12, Wiktionary senses 11."
four,3,noun: 四つ・四物 [low],,,low,DICTIONARY_DISAGREEMENT|LOW_CONFIDENCE|POS_MISMATCH,true,true,disagreement,"At least one selected primary meaning has low confidence. Both dictionaries had data, but no selected candidate was supported by both sources. Top POS differs between dictionaries: WordNet=noun, Wiktionary=num."
fracture,3,noun: 骨折・折損 [high],verb: 骨折する・骨折 [high],noun: 破損・破砕 [medium],medium,AMBIGUOUS_PRIMARY_SENSE,true,true,supported-by-both,"5 candidate meanings remained after dictionary merge, so top-3 selection is heuristic."
free,3,adjective: 自由な・任意 [high],verb: 自由にする・解放する [high],adjective: 無料の・無償の [medium],medium,AMBIGUOUS_PRIMARY_SENSE|TOO_MANY_SENSES,true,true,supported-by-both,"12 candidate meanings remained after dictionary merge, so top-3 selection is heuristic. High sense count: WordNet synsets 22, Wiktionary senses 5."
fringe,3,noun: 周囲・周縁 [high],noun: ふさべり・縁飾り [medium],,medium,AMBIGUOUS_PRIMARY_SENSE,true,true,supported-by-both,"8 candidate meanings remained after dictionary merge, so top-3 selection is heuristic."
front,3,noun: 前・表 [high],noun: 前線・戦線 [high],verb: 向う・向く [high],medium,TOO_MANY_SENSES,true,true,supported-by-both,"High sense count: WordNet synsets 13, Wiktionary senses 14."
full,3,adjective: 十分な・満ち足りた [high],adjective: 完全な・一杯 [high],,medium,TOO_MANY_SENSES,true,true,supported-by-both,"High sense count: WordNet synsets 13, Wiktionary senses 6."
further,3,adverb: さらに・さらに遠く [high],adjective: 程遠い・より隔たった [medium],adverb: 尚々・尚も [medium],medium,AMBIGUOUS_PRIMARY_SENSE|TOO_MANY_SENSES,true,true,supported-by-both,"9 candidate meanings remained after dictionary merge, so top-3 selection is heuristic. High sense count: WordNet synsets 6, Wiktionary senses 11."
gauge,3,noun: 基準・尺度 [high],noun: 計器・ゲージ [high],verb: 正確に測定する・測定 [high],medium,TOO_MANY_SENSES,true,true,supported-by-both,"High sense count: WordNet synsets 11, Wiktionary senses 12."
general,3,adjective: 一般の・一般的な [high],noun: 陸軍の大将・将官 [high],,medium,TOO_MANY_SENSES,true,true,supported-by-both,"High sense count: WordNet synsets 10, Wiktionary senses 13."
get,3,verb: 得る [high],verb: なる・成る [high],,medium,TOO_MANY_SENSES,true,true,supported-by-both,"High sense count: WordNet synsets 37, Wiktionary senses 31."
ghost,3,noun: 幽霊・亡者 [high],verb: 代作する・代作 [high],,medium,TOO_MANY_SENSES,true,true,supported-by-both,"High sense count: WordNet synsets 7, Wiktionary senses 19."
give,3,verb: 与える・生む [high],verb: 贈る・寄贈 [high],noun: 弾力性・伸縮性 [high],medium,TOO_MANY_SENSES,true,true,supported-by-both,"High sense count: WordNet synsets 45, Wiktionary senses 13."
go,3,verb: 行く・進む [high],verb: 行く [high],noun: 番・順番 [high],medium,TOO_MANY_SENSES,true,true,supported-by-both,"High sense count: WordNet synsets 35, Wiktionary senses 21."
good,3,adjective: 良い・善良な [high],adjective: 楽しい [high],noun: 物品・商品 [high],medium,TOO_MANY_SENSES,true,true,supported-by-both,"High sense count: WordNet synsets 27, Wiktionary senses 17."
gross,3,adjective: いまいましい・全般的 [medium],,,medium,AMBIGUOUS_PRIMARY_SENSE|TOO_MANY_SENSES,true,true,supported-by-both,"8 candidate meanings remained after dictionary merge, so top-3 selection is heuristic. High sense count: WordNet synsets 10, Wiktionary senses 10."
group,3,noun: グループ・群 [high],,,medium,TOO_MANY_SENSES,true,true,supported-by-both,"High sense count: WordNet synsets 5, Wiktionary senses 10."
grow,3,verb: 育つ・成長する [high],,,medium,TOO_MANY_SENSES,true,true,supported-by-both,"High sense count: WordNet synsets 10, Wiktionary senses 5."
gut,3,noun: 牛や羊の腸を加工した繊維・ガット [high],noun: 消化器官・胃腸 [medium],,medium,AMBIGUOUS_PRIMARY_SENSE,true,true,supported-by-both,"7 candidate meanings remained after dictionary merge, so top-3 selection is heuristic."
half,3,noun: 半分・ハーフ [high],adverb: 半分だけ・半ば [high],,medium,TOO_MANY_SENSES,true,true,supported-by-both,"High sense count: WordNet synsets 6, Wiktionary senses 15."
halfway,3,adjective: 中途半端な・中途半端 [high],adverb: 途中で・中途で [medium],,medium,AMBIGUOUS_PRIMARY_SENSE,true,true,supported-by-both,"9 candidate meanings remained after dictionary merge, so top-3 selection is heuristic."
hand,3,noun: 拍手・拍手喝采 [high],verb: 手渡す・渡す [high],noun: 手・ハンド [medium],medium,AMBIGUOUS_PRIMARY_SENSE|TOO_MANY_SENSES,true,true,supported-by-both,"11 candidate meanings remained after dictionary merge, so top-3 selection is heuristic. High sense count: WordNet synsets 16, Wiktionary senses 10."
hard,3,adjective: 硬い・堅い [high],adjective: 難しい・難い [high],adverb: 熱心に・激しく [high],medium,TOO_MANY_SENSES,true,true,supported-by-both,"High sense count: WordNet synsets 22, Wiktionary senses 13."
have,3,verb: 所有する・具す [high],,,medium,TOO_MANY_SENSES,true,true,supported-by-both,"High sense count: WordNet synsets 20, Wiktionary senses 11."
hawk,3,verb: 売り歩く・呼び売りする [high],noun: 鷹・タカ [medium],verb: 鷹狩する・タカ狩り [medium],medium,AMBIGUOUS_PRIMARY_SENSE,true,true,supported-by-both,"6 candidate meanings remained after dictionary merge, so top-3 selection is heuristic."
head,3,noun: ヘッド・読み書きヘッド [high],noun: ヘッド [high],noun: 川の水源・水源 [high],medium,TOO_MANY_SENSES,true,true,supported-by-both,"High sense count: WordNet synsets 42, Wiktionary senses 53."
hear,3,verb: 聞く・聞える [medium],verb: 耳にする・聞き伝える [medium],,medium,AMBIGUOUS_PRIMARY_SENSE,true,true,supported-by-both,"7 candidate meanings remained after dictionary merge, so top-3 selection is heuristic."
help,3,verb: 助ける・助く [high],noun: 手助け・手伝い [high],verb: 手伝う・出す [medium],medium,AMBIGUOUS_PRIMARY_SENSE|TOO_MANY_SENSES,true,true,supported-by-both,"11 candidate meanings remained after dictionary merge, so top-3 selection is heuristic. High sense count: WordNet synsets 12, Wiktionary senses 9."
here,3,noun: ここ [high],,,medium,TOO_MANY_SENSES,true,true,supported-by-both,"High sense count: WordNet synsets 7, Wiktionary senses 11."
high,3,adjective: 高い・大きい [high],,,medium,TOO_MANY_SENSES,true,true,supported-by-both,"High sense count: WordNet synsets 18, Wiktionary senses 2."
history,3,noun: 歴史・史学 [high],noun: 経歴・履歴 [medium],,medium,AMBIGUOUS_PRIMARY_SENSE,true,true,supported-by-both,"4 candidate meanings remained after dictionary merge, so top-3 selection is heuristic."
hold,3,verb: 持つ・つかむ [high],verb: 保持 [high],verb: 保つ・持する [high],medium,TOO_MANY_SENSES,true,true,supported-by-both,"High sense count: WordNet synsets 45, Wiktionary senses 10."
home,3,noun: いえ・家庭 [high],noun: 生息地・住処 [high],adverb: 家へ・我が家へ [high],medium,TOO_MANY_SENSES,true,true,supported-by-both,"High sense count: WordNet synsets 17, Wiktionary senses 14."
house,3,noun: 家・人家 [medium],verb: 収納する・収める [medium],,medium,AMBIGUOUS_PRIMARY_SENSE|TOO_MANY_SENSES,true,true,supported-by-both,"9 candidate meanings remained after dictionary merge, so top-3 selection is heuristic. High sense count: WordNet synsets 14, Wiktionary senses 12."
in,3,adverb: 中に・中へ [high],,,medium,TOO_MANY_SENSES,true,true,supported-by-both,"High sense count: WordNet synsets 7, Wiktionary senses 10."
inferior,3,adjective: 劣った・悪い [medium],,,medium,AMBIGUOUS_PRIMARY_SENSE,true,true,supported-by-both,"5 candidate meanings remained after dictionary merge, so top-3 selection is heuristic."
inject,3,verb: 採り入れる・導入 [medium],verb: 注入・注射 [medium],verb: 挟む・挾む [medium],medium,AMBIGUOUS_PRIMARY_SENSE,true,false,wordnet-only,"4 candidate meanings remained after dictionary merge, so top-3 selection is heuristic."
interest,3,noun: 興味・関心 [high],noun: 利益・権益 [high],noun: 利息・利子 [high],medium,TOO_MANY_SENSES,true,true,supported-by-both,"High sense count: WordNet synsets 10, Wiktionary senses 6."
intervene,3,verb: 介入する・干渉する [medium],,,medium,AMBIGUOUS_PRIMARY_SENSE,true,true,supported-by-both,"5 candidate meanings remained after dictionary merge, so top-3 selection is heuristic."
into,3,,,,low,MISSING_JAPANESE,false,true,wiktionary-only,Neither dictionary provided a usable Japanese meaning for this sample word.
invade,3,verb: 襲う・侵す [high],verb: 侵略する・侵入 [medium],,medium,AMBIGUOUS_PRIMARY_SENSE,true,true,supported-by-both,"4 candidate meanings remained after dictionary merge, so top-3 selection is heuristic."
issue,3,noun: 議論されるべき問題・争点 [high],noun: 子・児孫 [high],verb: 出る・現じる [high],medium,TOO_MANY_SENSES,true,true,supported-by-both,"High sense count: WordNet synsets 16, Wiktionary senses 24."
it,3,pronoun: それは [medium],pronoun: それを [medium],noun: 鬼ごっこの鬼 [medium],medium,AMBIGUOUS_PRIMARY_SENSE|TOO_MANY_SENSES,false,true,wiktionary-only,"6 candidate meanings remained after dictionary merge, so top-3 selection is heuristic. High sense count: WordNet synsets 1, Wiktionary senses 11."
job,3,noun: 仕事・手間 [high],noun: ジョブ・コンピューターにさせる仕事の単位 [high],,medium,TOO_MANY_SENSES,true,true,supported-by-both,"High sense count: WordNet synsets 17, Wiktionary senses 5."
join,3,verb: 一緒になる・交わる [high],verb: つなぐ・結合す [high],,medium,TOO_MANY_SENSES,true,true,supported-by-both,"High sense count: WordNet synsets 7, Wiktionary senses 13."
just,3,adjective: 正確な・良い [medium],adjective: 公正な・正しい [medium],adverb: 単に・単純に [medium],medium,AMBIGUOUS_PRIMARY_SENSE|TOO_MANY_SENSES,true,true,supported-by-both,"7 candidate meanings remained after dictionary merge, so top-3 selection is heuristic. High sense count: WordNet synsets 10, Wiktionary senses 6."
keep,3,verb: 保つ・続ける [high],verb: 保つ [high],noun: 生活費 [high],medium,TOO_MANY_SENSES,true,true,supported-by-both,"High sense count: WordNet synsets 25, Wiktionary senses 10."
kind,3,adjective: 親切な・厚い [medium],noun: 種・種類 [medium],,medium,AMBIGUOUS_PRIMARY_SENSE,true,true,supported-by-both,"4 candidate meanings remained after dictionary merge, so top-3 selection is heuristic."
know,3,verb: 知る・知っている [high],,,medium,TOO_MANY_SENSES,true,true,supported-by-both,"High sense count: WordNet synsets 12, Wiktionary senses 7."
land,3,noun: 陸・土地 [high],noun: 国土・邦土 [high],verb: 上陸する・舞い降りる [high],medium,TOO_MANY_SENSES,true,true,supported-by-both,"High sense count: WordNet synsets 18, Wiktionary senses 13."
last,3,adverb: 最後に・要するに [high],verb: 続く・存える [high],adjective: 終わりの・最後の [medium],medium,AMBIGUOUS_PRIMARY_SENSE|TOO_MANY_SENSES,true,true,supported-by-both,"16 candidate meanings remained after dictionary merge, so top-3 selection is heuristic. High sense count: WordNet synsets 21, Wiktionary senses 10."
late,3,adjective: 遅い [high],adverb: 遅れて・遅く [high],,medium,TOO_MANY_SENSES,true,true,supported-by-both,"High sense count: WordNet synsets 11, Wiktionary senses 7."
law,3,noun: 法・法律 [high],noun: 法則・原理 [high],noun: 法の力・法秩序 [medium],medium,AMBIGUOUS_PRIMARY_SENSE,true,true,supported-by-both,"6 candidate meanings remained after dictionary merge, so top-3 selection is heuristic."
lead,3,verb: 案内する・道案内する [high],verb: 指揮する・指揮 [high],noun: 先導・主導 [high],medium,TOO_MANY_SENSES,true,true,supported-by-both,"High sense count: WordNet synsets 31, Wiktionary senses 16."
leave,3,verb: 残す・遺す [high],verb: 離れる・去る [high],noun: 休暇の許可・許可 [high],medium,TOO_MANY_SENSES,true,true,supported-by-both,"High sense count: WordNet synsets 17, Wiktionary senses 26."
legitimate,3,adjective: 正しい・正当 [high],adjective: 合法な・合理的 [medium],verb: 合法と認める・合法化する [medium],medium,AMBIGUOUS_PRIMARY_SENSE|TOO_MANY_SENSES,true,true,supported-by-both,"9 candidate meanings remained after dictionary merge, so top-3 selection is heuristic. High sense count: WordNet synsets 7, Wiktionary senses 12."
level,3,adjective: 平らな・水平な [high],noun: 水準器・段階 [high],noun: 水平・水平器 [high],medium,TOO_MANY_SENSES,true,true,supported-by-both,"High sense count: WordNet synsets 19, Wiktionary senses 14."
life,3,noun: 命・生 [high],noun: 一生・人生 [high],noun: 生活・暮らし [high],medium,TOO_MANY_SENSES,true,true,supported-by-both,"High sense count: WordNet synsets 14, Wiktionary senses 10."
light,3,noun: 光・照明 [high],noun: 明るさ [high],adjective: 明るい・淡い [high],medium,TOO_MANY_SENSES,true,true,supported-by-both,"High sense count: WordNet synsets 47, Wiktionary senses 24."
like,3,verb: 好く・好む [high],verb: 嗜む・好む [high],,medium,TOO_MANY_SENSES,true,true,supported-by-both,"High sense count: WordNet synsets 11, Wiktionary senses 6."
line,3,noun: 電線・回線 [high],noun: 一筆・寸楮 [high],verb: 線を引く・引く [high],medium,TOO_MANY_SENSES,true,true,supported-by-both,"High sense count: WordNet synsets 36, Wiktionary senses 17."
little,3,adjective: 小さい・幼い [high],,,medium,TOO_MANY_SENSES,true,true,supported-by-both,"High sense count: WordNet synsets 10, Wiktionary senses 8."
live,3,verb: 生きる・食う [high],verb: 住む・住う [high],adjective: 生きている・生存している [high],medium,TOO_MANY_SENSES,true,true,supported-by-both,"High sense count: WordNet synsets 19, Wiktionary senses 18."
local,3,noun: 各駅停車・各停 [high],adjective: 現地の・地域的 [medium],,medium,AMBIGUOUS_PRIMARY_SENSE|TOO_MANY_SENSES,true,true,supported-by-both,"8 candidate meanings remained after dictionary merge, so top-3 selection is heuristic. High sense count: WordNet synsets 5, Wiktionary senses 12."
look,3,verb: 見る・視る [high],verb: 思える・見える [high],noun: 一見 [high],medium,TOO_MANY_SENSES,true,true,supported-by-both,"High sense count: WordNet synsets 14, Wiktionary senses 11."
lose,3,verb: 失う・失くす [high],,,medium,TOO_MANY_SENSES,true,true,supported-by-both,"High sense count: WordNet synsets 11, Wiktionary senses 9."
lot,3,noun: 敷地・スタジオ [high],,,medium,TOO_MANY_SENSES,true,true,supported-by-both,"High sense count: WordNet synsets 9, Wiktionary senses 16."
love,3,noun: 愛・恋 [high],,,medium,TOO_MANY_SENSES,true,true,supported-by-both,"High sense count: WordNet synsets 10, Wiktionary senses 9."
low,3,adjective: 低い [high],adverb: 低く・低い所へ [high],noun: 低気圧 [high],medium,TOO_MANY_SENSES,true,true,supported-by-both,"High sense count: WordNet synsets 16, Wiktionary senses 19."
lump,3,noun: 塊・欠片 [medium],,,medium,AMBIGUOUS_PRIMARY_SENSE|TOO_MANY_SENSES,true,true,supported-by-both,"9 candidate meanings remained after dictionary merge, so top-3 selection is heuristic. High sense count: WordNet synsets 6, Wiktionary senses 13."
main,3,adjective: 主要な・メインの [high],,,medium,TOO_MANY_SENSES,true,true,supported-by-both,"High sense count: WordNet synsets 5, Wiktionary senses 11."
major,3,noun: 少佐 [high],adjective: 流派が大きい・一流の [high],adjective: 程度が大きい・重大な [high],medium,TOO_MANY_SENSES,true,true,supported-by-both,"High sense count: WordNet synsets 13, Wiktionary senses 14."
make,3,verb: 物を作る・作る [high],verb: 形作る・構成する [high],verb: 得る・稼ぐ [high],medium,TOO_MANY_SENSES,true,true,supported-by-both,"High sense count: WordNet synsets 51, Wiktionary senses 49."
man,3,noun: 人・人間 [high],verb: 乗り物などに人を乗り込ませる・乗り込む [medium],,medium,AMBIGUOUS_PRIMARY_SENSE|TOO_MANY_SENSES,true,true,supported-by-both,"8 candidate meanings remained after dictionary merge, so top-3 selection is heuristic. High sense count: WordNet synsets 13, Wiktionary senses 9."
manipulate,3,verb: 操作する・改竄する [high],verb: 操縦する・操る [medium],,medium,AMBIGUOUS_PRIMARY_SENSE,true,true,supported-by-both,"5 candidate meanings remained after dictionary merge, so top-3 selection is heuristic."
many,3,adjective: 多い・数多い [low],,,low,AMBIGUOUS_PRIMARY_SENSE|DICTIONARY_DISAGREEMENT|LOW_CONFIDENCE|POS_MISMATCH,true,true,disagreement,"At least one selected primary meaning has low confidence. Both dictionaries had data, but no selected candidate was supported by both sources. 4 candidate meanings remained after dictionary merge, so top-3 selection is heuristic. Top POS differs between dictionaries: WordNet=adjective, Wiktionary=det."
marble,3,noun: 大理石・マーブル [high],noun: ビー玉・マーブル [high],,medium,TOO_MANY_SENSES,true,true,supported-by-both,"High sense count: WordNet synsets 4, Wiktionary senses 10."
matter,3,noun: 物質・大きさと質量を持つ実体 [high],noun: ことがら・案件 [high],verb: 問う・問題になる [medium],medium,AMBIGUOUS_PRIMARY_SENSE,true,true,supported-by-both,"6 candidate meanings remained after dictionary merge, so top-3 selection is heuristic."
maybe,3,adverb: 多分・或は [medium],,,medium,AMBIGUOUS_PRIMARY_SENSE,true,true,supported-by-both,"4 candidate meanings remained after dictionary merge, so top-3 selection is heuristic."
mean,3,verb: 意味する・意味 [high],verb: 意企・意図 [high],adjective: 汚い・穢い [high],medium,TOO_MANY_SENSES,true,true,supported-by-both,"High sense count: WordNet synsets 16, Wiktionary senses 10."
meet,3,verb: 会う・会す [high],verb: 出迎える [high],noun: 競技会・運動会 [high],medium,TOO_MANY_SENSES,true,true,supported-by-both,"High sense count: WordNet synsets 15, Wiktionary senses 9."
million,3,noun: 大衆・億兆 [medium],,,medium,AMBIGUOUS_PRIMARY_SENSE,true,true,supported-by-both,"5 candidate meanings remained after dictionary merge, so top-3 selection is heuristic."
mind,3,noun: 知性・知力 [high],noun: 記憶・覚え [high],verb: 用心する・惧れる [high],medium,TOO_MANY_SENSES,true,true,supported-by-both,"High sense count: WordNet synsets 13, Wiktionary senses 11."
minus,3,noun: 減法・マイナス [low],,,low,AMBIGUOUS_PRIMARY_SENSE|DICTIONARY_DISAGREEMENT|LOW_CONFIDENCE|POS_MISMATCH,true,true,disagreement,"At least one selected primary meaning has low confidence. Both dictionaries had data, but no selected candidate was supported by both sources. 8 candidate meanings remained after dictionary merge, so top-3 selection is heuristic. Top POS differs between dictionaries: WordNet=noun, Wiktionary=preposition."
model,3,noun: モデル・典型 [high],noun: 模型・雛型 [high],adjective: 模範的な・模範的 [high],medium,TOO_MANY_SENSES,true,true,supported-by-both,"High sense count: WordNet synsets 16, Wiktionary senses 12."
mole,3,noun: グラム分子・モル [medium],noun: 黒子・黒痣 [medium],noun: 土竜・土龍 [medium],medium,AMBIGUOUS_PRIMARY_SENSE,true,false,wordnet-only,"5 candidate meanings remained after dictionary merge, so top-3 selection is heuristic."
money,3,noun: 通貨・貨幣 [high],noun: 貨幣・現金 [high],noun: 金銭・お金 [medium],medium,AMBIGUOUS_PRIMARY_SENSE,true,true,supported-by-both,"7 candidate meanings remained after dictionary merge, so top-3 selection is heuristic."
monkey,3,noun: 尾の長い猴・山猿 [medium],,,medium,AMBIGUOUS_PRIMARY_SENSE|TOO_MANY_SENSES,true,true,supported-by-both,"8 candidate meanings remained after dictionary merge, so top-3 selection is heuristic. High sense count: WordNet synsets 4, Wiktionary senses 12."
morality,3,noun: 人倫・倫理 [low],,,low,AMBIGUOUS_PRIMARY_SENSE|DICTIONARY_DISAGREEMENT|LOW_CONFIDENCE,true,true,disagreement,"At least one selected primary meaning has low confidence. Both dictionaries had data, but no selected candidate was supported by both sources. 7 candidate meanings remained after dictionary merge, so top-3 selection is heuristic."
mother,3,noun: 母・お母さん [high],verb: 世話する・生む [medium],,medium,AMBIGUOUS_PRIMARY_SENSE,true,true,supported-by-both,"6 candidate meanings remained after dictionary merge, so top-3 selection is heuristic."
move,3,verb: 動く・参る [high],verb: 動く [high],noun: 動き・移動 [high],medium,TOO_MANY_SENSES,true,true,supported-by-both,"High sense count: WordNet synsets 21, Wiktionary senses 9."
much,3,adverb: ほぼ・殆 [high],adjective: 多数・たくさんの [medium],,medium,AMBIGUOUS_PRIMARY_SENSE,true,true,supported-by-both,"11 candidate meanings remained after dictionary merge, so top-3 selection is heuristic."
multi,3,,,,low,MISSING_JAPANESE,false,false,missing,Neither dictionary provided a usable Japanese meaning for this sample word.
naked,3,adjective: 裸の・露わ [medium],,,medium,AMBIGUOUS_PRIMARY_SENSE,true,true,supported-by-both,"7 candidate meanings remained after dictionary merge, so top-3 selection is heuristic."
name,3,verb: 任命する・任ずる [high],noun: 名前・二字 [medium],verb: 呼ぶ・と呼ぶ [medium],medium,AMBIGUOUS_PRIMARY_SENSE|TOO_MANY_SENSES,true,true,supported-by-both,"10 candidate meanings remained after dictionary merge, so top-3 selection is heuristic. High sense count: WordNet synsets 15, Wiktionary senses 7."
near,3,adverb: 近く・近々 [medium],,,medium,AMBIGUOUS_PRIMARY_SENSE,true,true,supported-by-both,"6 candidate meanings remained after dictionary merge, so top-3 selection is heuristic."
need,3,noun: 必要・必要性 [high],verb: 求める・要する [high],,medium,TOO_MANY_SENSES,true,true,supported-by-both,"High sense count: WordNet synsets 7, Wiktionary senses 12."
neo,3,,,,low,MISSING_JAPANESE,false,false,missing,Neither dictionary provided a usable Japanese meaning for this sample word.
nest,3,noun: 巣窟 [high],noun: 巣 [medium],,medium,AMBIGUOUS_PRIMARY_SENSE,true,true,supported-by-both,"10 candidate meanings remained after dictionary merge, so top-3 selection is heuristic."
new,3,adjective: 新しい・おニューの [high],adverb: 新しく・つい最近 [high],,medium,TOO_MANY_SENSES,true,true,supported-by-both,"High sense count: WordNet synsets 12, Wiktionary senses 5."
next,3,adjective: 直近の・隣接した [high],adverb: 次に [high],adjective: 次の・来- [medium],medium,AMBIGUOUS_PRIMARY_SENSE,true,true,supported-by-both,"6 candidate meanings remained after dictionary merge, so top-3 selection is heuristic."
nicely,3,adverb: 良く・上手く [medium],,,medium,AMBIGUOUS_PRIMARY_SENSE,true,true,supported-by-both,"4 candidate meanings remained after dictionary merge, so top-3 selection is heuristic."
nine,3,noun: 九つ・ナイン [medium],noun: 球団・野球クラブ [medium],,medium,AMBIGUOUS_PRIMARY_SENSE,true,true,supported-by-both,"4 candidate meanings remained after dictionary merge, so top-3 selection is heuristic."
ninety,3,noun: 九十 [low],,,low,DICTIONARY_DISAGREEMENT|LOW_CONFIDENCE|POS_MISMATCH,true,true,disagreement,"At least one selected primary meaning has low confidence. Both dictionaries had data, but no selected candidate was supported by both sources. Top POS differs between dictionaries: WordNet=noun, Wiktionary=num."
no,3,adjective: 不 [low],,,low,AMBIGUOUS_PRIMARY_SENSE|DICTIONARY_DISAGREEMENT|LOW_CONFIDENCE|TOO_MANY_SENSES|POS_MISMATCH,true,true,disagreement,"At least one selected primary meaning has low confidence. Both dictionaries had data, but no selected candidate was supported by both sources. 10 candidate meanings remained after dictionary merge, so top-3 selection is heuristic. High sense count: WordNet synsets 6, Wiktionary senses 10. Top POS differs between dictionaries: WordNet=adjective, Wiktionary=det."
noble,3,adjective: 崇高な・上品な [high],noun: 貴族・卿 [medium],,medium,AMBIGUOUS_PRIMARY_SENSE,true,true,supported-by-both,"4 candidate meanings remained after dictionary merge, so top-3 selection is heuristic."
nominal,3,adjective: 名前の・ちょっとした [medium],,,medium,AMBIGUOUS_PRIMARY_SENSE,true,true,supported-by-both,"8 candidate meanings remained after dictionary merge, so top-3 selection is heuristic."
note,3,noun: 覚え書き・メモ [high],noun: 音・調子 [high],verb: 表記する・記す [high],medium,TOO_MANY_SENSES,true,true,supported-by-both,"High sense count: WordNet synsets 13, Wiktionary senses 8."
now,3,adverb: 今・現在 [high],noun: 今・現在 [medium],,medium,AMBIGUOUS_PRIMARY_SENSE,true,true,supported-by-both,"4 candidate meanings remained after dictionary merge, so top-3 selection is heuristic."
null,3,noun: 不存在・無価値 [medium],,,medium,AMBIGUOUS_PRIMARY_SENSE,true,true,supported-by-both,"5 candidate meanings remained after dictionary merge, so top-3 selection is heuristic."
number,3,noun: 数・数値 [high],verb: 数える・数に入れる [high],verb: 成る・達する [high],medium,TOO_MANY_SENSES,true,true,supported-by-both,"High sense count: WordNet synsets 17, Wiktionary senses 10."
obscure,3,adjective: ぼやけた・不明瞭 [high],adjective: 曖昧な・曖昧 [high],adjective: 無名の・名もない [medium],medium,AMBIGUOUS_PRIMARY_SENSE|TOO_MANY_SENSES,true,true,supported-by-both,"9 candidate meanings remained after dictionary merge, so top-3 selection is heuristic. High sense count: WordNet synsets 11, Wiktionary senses 6."
offer,3,noun: 申し出・提供 [high],verb: 申し出る・すすめる [high],verb: 与える・提供する [high],medium,TOO_MANY_SENSES,true,true,supported-by-both,"High sense count: WordNet synsets 16, Wiktionary senses 14."
old,3,adjective: 古い・旧い [high],adjective: 年をとった・年寄りの [medium],,medium,AMBIGUOUS_PRIMARY_SENSE,true,true,supported-by-both,"6 candidate meanings remained after dictionary merge, so top-3 selection is heuristic."
on,3,adverb: 先へ・前へ [low],,,low,AMBIGUOUS_PRIMARY_SENSE|DICTIONARY_DISAGREEMENT|LOW_CONFIDENCE|TOO_MANY_SENSES|POS_MISMATCH,true,true,disagreement,"At least one selected primary meaning has low confidence. Both dictionaries had data, but no selected candidate was supported by both sources. 9 candidate meanings remained after dictionary merge, so top-3 selection is heuristic. High sense count: WordNet synsets 5, Wiktionary senses 10. Top POS differs between dictionaries: WordNet=adverb, Wiktionary=preposition."
one,3,adjective: ある・然る [high],adjective: ひとつの・唯一無二 [medium],,medium,AMBIGUOUS_PRIMARY_SENSE|TOO_MANY_SENSES,true,true,supported-by-both,"10 candidate meanings remained after dictionary merge, so top-3 selection is heuristic. High sense count: WordNet synsets 9, Wiktionary senses 10."
only,3,adjective: 唯一の・単一 [medium],,,medium,AMBIGUOUS_PRIMARY_SENSE,true,true,supported-by-both,"10 candidate meanings remained after dictionary merge, so top-3 selection is heuristic."
open,3,verb: 開く・開ける [high],verb: 開ける [high],adjective: 開いている・開けた [high],medium,TOO_MANY_SENSES,true,true,supported-by-both,"High sense count: WordNet synsets 36, Wiktionary senses 17."
or,3,noun: 金色・オレゴン州 [medium],,,medium,AMBIGUOUS_PRIMARY_SENSE,true,true,supported-by-both,"4 candidate meanings remained after dictionary merge, so top-3 selection is heuristic."
order,3,noun: 注文・オーダー [high],noun: 順序・順番 [high],noun: 整理・整頓 [high],medium,TOO_MANY_SENSES,true,true,supported-by-both,"High sense count: WordNet synsets 24, Wiktionary senses 12."
orient,3,noun: 東洋の真珠の光沢・東洋 [high],verb: 東に向ける・向ける [high],verb: 向ける・適応させる [high],medium,TOO_MANY_SENSES,true,true,supported-by-both,"High sense count: WordNet synsets 7, Wiktionary senses 14."
other,3,adjective: 他し・別 [low],,,low,AMBIGUOUS_PRIMARY_SENSE|DICTIONARY_DISAGREEMENT|LOW_CONFIDENCE|POS_MISMATCH,true,true,disagreement,"At least one selected primary meaning has low confidence. Both dictionaries had data, but no selected candidate was supported by both sources. 7 candidate meanings remained after dictionary merge, so top-3 selection is heuristic. Top POS differs between dictionaries: WordNet=adjective, Wiktionary=det."
out,3,adverb: 外出して・戸外で [high],noun: アウト [high],,medium,TOO_MANY_SENSES,true,true,supported-by-both,"High sense count: WordNet synsets 17, Wiktionary senses 16."
outside,3,noun: 外部・外側 [high],adjective: わずかな・微々 [high],adjective: 外部の・外側の [medium],medium,AMBIGUOUS_PRIMARY_SENSE|TOO_MANY_SENSES,true,true,supported-by-both,"8 candidate meanings remained after dictionary merge, so top-3 selection is heuristic. High sense count: WordNet synsets 14, Wiktionary senses 9."
over,3,adverb: 隈なく・隈無く [low],,,low,AMBIGUOUS_PRIMARY_SENSE|DICTIONARY_DISAGREEMENT|LOW_CONFIDENCE|TOO_MANY_SENSES|POS_MISMATCH,true,true,disagreement,"At least one selected primary meaning has low confidence. Both dictionaries had data, but no selected candidate was supported by both sources. 8 candidate meanings remained after dictionary merge, so top-3 selection is heuristic. High sense count: WordNet synsets 7, Wiktionary senses 18. Top POS differs between dictionaries: WordNet=adverb, Wiktionary=adjective."
pardon,3,verb: 許す・聴す [high],noun: 許し・了簡 [medium],,medium,AMBIGUOUS_PRIMARY_SENSE,true,true,supported-by-both,"9 candidate meanings remained after dictionary merge, so top-3 selection is heuristic."
parent,3,noun: 親・単数形では父親 [medium],verb: 親として振る舞う・養育する [medium],,medium,AMBIGUOUS_PRIMARY_SENSE,true,true,supported-by-both,"8 candidate meanings remained after dictionary merge, so top-3 selection is heuristic."
part,3,noun: 部分・一部分 [high],noun: パート [high],,medium,TOO_MANY_SENSES,true,true,supported-by-both,"High sense count: WordNet synsets 18, Wiktionary senses 7."
party,3,noun: 署名人・当事者 [high],noun: ある目的のために行動を共にする集団・党派 [medium],,medium,AMBIGUOUS_PRIMARY_SENSE,true,true,supported-by-both,"8 candidate meanings remained after dictionary merge, so top-3 selection is heuristic."
pass,3,verb: 経つ・経る [high],verb: パスする・パス [high],noun: 合格・及第 [high],medium,TOO_MANY_SENSES,true,true,supported-by-both,"High sense count: WordNet synsets 42, Wiktionary senses 14."
period,3,noun: 時代・時期 [high],noun: 月経・月事 [high],noun: 終結・終止 [high],medium,TOO_MANY_SENSES,true,true,supported-by-both,"High sense count: WordNet synsets 7, Wiktionary senses 22."
person,3,noun: 人称・人間 [medium],noun: 人格・人間 [medium],,medium,AMBIGUOUS_PRIMARY_SENSE,true,true,supported-by-both,"4 candidate meanings remained after dictionary merge, so top-3 selection is heuristic."
pi,3,noun: パイ [high],noun: 探偵・私立探偵 [medium],noun: プロテアーゼ阻害剤 [medium],medium,AMBIGUOUS_PRIMARY_SENSE,true,true,supported-by-both,"4 candidate meanings remained after dictionary merge, so top-3 selection is heuristic."
place,3,noun: 場所・位置 [high],noun: 地位・身分 [high],verb: 置く [high],medium,TOO_MANY_SENSES,true,true,supported-by-both,"High sense count: WordNet synsets 32, Wiktionary senses 12."
play,3,noun: 劇・演劇 [high],noun: 冗談・悪戯 [high],verb: 遊ぶ・戯る [high],medium,TOO_MANY_SENSES,true,true,supported-by-both,"High sense count: WordNet synsets 52, Wiktionary senses 10."
please,3,verb: 喜ばせる・楽しませる [medium],,,medium,AMBIGUOUS_PRIMARY_SENSE,true,true,supported-by-both,"5 candidate meanings remained after dictionary merge, so top-3 selection is heuristic."
point,3,noun: 先端・剣の切先 [high],noun: 点・ポイント [high],verb: 示す・指示する [high],medium,TOO_MANY_SENSES,true,true,supported-by-both,"High sense count: WordNet synsets 40, Wiktionary senses 6."
polar,3,adjective: 極の・極性がある [medium],,,medium,AMBIGUOUS_PRIMARY_SENSE,true,true,supported-by-both,"4 candidate meanings remained after dictionary merge, so top-3 selection is heuristic."
position,3,noun: 位置・在処 [high],noun: 地位・位地 [high],verb: 配置する・置く [high],medium,TOO_MANY_SENSES,true,true,supported-by-both,"High sense count: WordNet synsets 18, Wiktionary senses 8."
powder,3,noun: 粉・粉末 [high],noun: 火薬・弾薬 [high],,medium,TOO_MANY_SENSES,true,true,supported-by-both,"High sense count: WordNet synsets 5, Wiktionary senses 10."
power,3,noun: 支配力・権力 [high],noun: 仕事率・工率 [high],noun: 力・能力 [medium],medium,AMBIGUOUS_PRIMARY_SENSE|TOO_MANY_SENSES,true,true,supported-by-both,"10 candidate meanings remained after dictionary merge, so top-3 selection is heuristic. High sense count: WordNet synsets 10, Wiktionary senses 13."
practice,3,noun: 練習・稽古 [high],verb: 実行する・実行 [high],verb: 練習する・温習 [high],medium,TOO_MANY_SENSES,true,true,supported-by-both,"High sense count: WordNet synsets 10, Wiktionary senses 8."
practitioner,3,,,,low,MISSING_JAPANESE,false,false,missing,Neither dictionary provided a usable Japanese meaning for this sample word.
precipitate,3,verb: 凝結して降る・落る [high],verb: 突然引き起こす・突然生じさせる [medium],,medium,AMBIGUOUS_PRIMARY_SENSE|TOO_MANY_SENSES,true,true,supported-by-both,"11 candidate meanings remained after dictionary merge, so top-3 selection is heuristic. High sense count: WordNet synsets 7, Wiktionary senses 13."
precipitation,3,noun: 沈殿・沈殿物 [high],noun: 降水・降水量 [high],noun: 落下・倉卒 [medium],medium,AMBIGUOUS_PRIMARY_SENSE,true,true,supported-by-both,"5 candidate meanings remained after dictionary merge, so top-3 selection is heuristic."
prejudice,3,noun: 偏見・先入観 [medium],,,medium,AMBIGUOUS_PRIMARY_SENSE,true,true,supported-by-both,"4 candidate meanings remained after dictionary merge, so top-3 selection is heuristic."
present,3,noun: 現在・土産 [high],adjective: 出席して・出席している [high],adjective: 現在の [high],medium,TOO_MANY_SENSES,true,true,supported-by-both,"High sense count: WordNet synsets 18, Wiktionary senses 11."
price,3,noun: 懸賞金・報償 [high],noun: 代償・犠牲 [high],noun: 価格・対価 [medium],medium,AMBIGUOUS_PRIMARY_SENSE,true,true,supported-by-both,"5 candidate meanings remained after dictionary merge, so top-3 selection is heuristic."
primitive,3,adjective: 元始的・原始的 [low],,,low,AMBIGUOUS_PRIMARY_SENSE|DICTIONARY_DISAGREEMENT|LOW_CONFIDENCE|POS_MISMATCH,true,true,disagreement,"At least one selected primary meaning has low confidence. Both dictionaries had data, but no selected candidate was supported by both sources. 9 candidate meanings remained after dictionary merge, so top-3 selection is heuristic. Top POS differs between dictionaries: WordNet=adjective, Wiktionary=noun."
process,3,noun: 過程・経過 [high],noun: 製法・工程 [high],verb: 加工する・処理 [high],medium,TOO_MANY_SENSES,true,true,supported-by-both,"High sense count: WordNet synsets 13, Wiktionary senses 6."
program,3,noun: 予定表・演目 [high],noun: 綱領・政綱 [high],verb: プログラムを作成する・プログラム [high],medium,TOO_MANY_SENSES,true,true,supported-by-both,"High sense count: WordNet synsets 10, Wiktionary senses 10."
pronounce,3,verb: 声を出して読む・云う [medium],,,medium,AMBIGUOUS_PRIMARY_SENSE,true,true,supported-by-both,"4 candidate meanings remained after dictionary merge, so top-3 selection is heuristic."
protocol,3,noun: プロトコル・通信プロトコル [high],noun: プロトコル [high],,medium,TOO_MANY_SENSES,true,true,supported-by-both,"High sense count: WordNet synsets 3, Wiktionary senses 10."
public,3,adjective: 公の・公然 [medium],,,medium,AMBIGUOUS_PRIMARY_SENSE,true,true,supported-by-both,"8 candidate meanings remained after dictionary merge, so top-3 selection is heuristic."
punch,3,noun: 一撃・強打 [high],verb: 穴をあける・打ち抜く [high],noun: 穿孔機・パンチ [high],medium,TOO_MANY_SENSES,true,true,supported-by-both,"High sense count: WordNet synsets 6, Wiktionary senses 11."
put,3,verb: 置く [high],noun: プット・オプション [high],,medium,TOO_MANY_SENSES,true,true,supported-by-both,"High sense count: WordNet synsets 10, Wiktionary senses 5."
raise,3,verb: 上げる・増す [high],verb: 上げる [high],verb: 高める・強める [high],medium,TOO_MANY_SENSES,true,true,supported-by-both,"High sense count: WordNet synsets 31, Wiktionary senses 14."
rate,3,noun: 比率・割合 [high],noun: 料金・料率 [high],verb: 見る・価値づける [medium],medium,AMBIGUOUS_PRIMARY_SENSE,true,true,supported-by-both,"9 candidate meanings remained after dictionary merge, so top-3 selection is heuristic."
reach,3,verb: 達する・到達 [high],verb: 届く・到る [high],noun: 範囲・射程 [high],medium,TOO_MANY_SENSES,true,true,supported-by-both,"High sense count: WordNet synsets 13, Wiktionary senses 7."
read,3,verb: 文字や書籍を〕読む・繙く [high],noun: 読み物・読物 [high],,medium,TOO_MANY_SENSES,true,true,supported-by-both,"High sense count: WordNet synsets 12, Wiktionary senses 8."
real,3,adjective: 本当の・本格的 [high],,,medium,TOO_MANY_SENSES,true,true,supported-by-both,"High sense count: WordNet synsets 13, Wiktionary senses 12."
realism,3,noun: 没理想・実学主義 [medium],noun: 現つ・現実 [medium],noun: 実在論・実念論 [medium],medium,AMBIGUOUS_PRIMARY_SENSE,true,false,wordnet-only,"5 candidate meanings remained after dictionary merge, so top-3 selection is heuristic."
really,3,adverb: 実際に・事実 [high],adverb: 全く・正しく [high],adverb: 本当に・正しく [medium],medium,AMBIGUOUS_PRIMARY_SENSE,true,true,supported-by-both,"4 candidate meanings remained after dictionary merge, so top-3 selection is heuristic."
receive,3,verb: 受ける・受け取る [high],verb: 迎える・歓迎する [high],verb: 受信する・傍受 [high],medium,TOO_MANY_SENSES,true,true,supported-by-both,"High sense count: WordNet synsets 13, Wiktionary senses 4."
record,3,noun: 記録 [high],noun: 成績 [high],verb: 表示する・現す [high],medium,TOO_MANY_SENSES,true,true,supported-by-both,"High sense count: WordNet synsets 13, Wiktionary senses 10."
remain,3,verb: 残る・遺る [high],verb: そのままで居る [medium],verb: 留る・居坐る [medium],medium,AMBIGUOUS_PRIMARY_SENSE|TOO_MANY_SENSES,true,true,supported-by-both,"9 candidate meanings remained after dictionary merge, so top-3 selection is heuristic. High sense count: WordNet synsets 4, Wiktionary senses 10."
report,3,noun: 調査報告・レポート [high],noun: 評判・世評 [high],verb: 報じる・報ずる [high],medium,TOO_MANY_SENSES,true,true,supported-by-both,"High sense count: WordNet synsets 13, Wiktionary senses 15."
reproduction,3,noun: 生殖・繁殖 [high],noun: 複製・複写 [medium],,medium,AMBIGUOUS_PRIMARY_SENSE,true,true,supported-by-both,"4 candidate meanings remained after dictionary merge, so top-3 selection is heuristic."
return,3,verb: 戻す・返す [high],verb: 戻る・帰る [high],noun: 所得申告・申告 [high],medium,TOO_MANY_SENSES,true,true,supported-by-both,"High sense count: WordNet synsets 29, Wiktionary senses 20."
right,3,adjective: 正しい・ちょうどの [high],adverb: 正しく・公正に [high],adverb: ちょうど [high],medium,TOO_MANY_SENSES,true,true,supported-by-both,"High sense count: WordNet synsets 36, Wiktionary senses 17."
rise,3,verb: 上がる・昇る [high],noun: 上昇・伸び [high],,medium,TOO_MANY_SENSES,true,true,supported-by-both,"High sense count: WordNet synsets 27, Wiktionary senses 10."
rub,3,verb: 擦る・揉む [medium],,,medium,AMBIGUOUS_PRIMARY_SENSE,true,true,supported-by-both,"6 candidate meanings remained after dictionary merge, so top-3 selection is heuristic."
rule,3,noun: ルール・規則 [high],noun: 支配 [high],verb: 抑制する・制す [high],medium,TOO_MANY_SENSES,true,true,supported-by-both,"High sense count: WordNet synsets 19, Wiktionary senses 8."
run,3,verb: 走る・駆ける [high],verb: すばやく動く・働く [high],noun: 走る動作・走り [high],medium,TOO_MANY_SENSES,true,true,supported-by-both,"High sense count: WordNet synsets 57, Wiktionary senses 38."
say,3,verb: 言う・話す [high],noun: 意見 [high],,medium,TOO_MANY_SENSES,true,true,supported-by-both,"High sense count: WordNet synsets 12, Wiktionary senses 8."
school,3,noun: 学校・学園 [high],noun: 学派・一派 [high],noun: 魚の群れ・群れ [high],medium,TOO_MANY_SENSES,true,true,supported-by-both,"High sense count: WordNet synsets 10, Wiktionary senses 8."
second,3,noun: 二塁・セカンド [high],noun: ボクシングなどの競技の付添い人・セコンド [high],noun: 秒・時間の単位の一つ [medium],medium,AMBIGUOUS_PRIMARY_SENSE|TOO_MANY_SENSES,true,true,supported-by-both,"15 candidate meanings remained after dictionary merge, so top-3 selection is heuristic. High sense count: WordNet synsets 15, Wiktionary senses 17."
see,3,verb: みえる・目に入る [high],verb: 会う・会す [high],,medium,TOO_MANY_SENSES,true,true,supported-by-both,"High sense count: WordNet synsets 25, Wiktionary senses 7."
sense,3,noun: 感覚・意識 [high],noun: 常識・良識 [high],verb: 感じる・感ずる [high],medium,TOO_MANY_SENSES,true,true,supported-by-both,"High sense count: WordNet synsets 9, Wiktionary senses 12."
sensory,3,,,,low,MISSING_JAPANESE,false,false,missing,Neither dictionary provided a usable Japanese meaning for this sample word.
service,3,noun: サービス・サーヴィス [high],noun: サービス [high],noun: 礼拝・宗教的礼拝 [high],medium,TOO_MANY_SENSES,true,true,supported-by-both,"High sense count: WordNet synsets 18, Wiktionary senses 13."
set,3,verb: 設定・セット [high],verb: 舞台とする [high],noun: セット [high],medium,TOO_MANY_SENSES,true,true,supported-by-both,"High sense count: WordNet synsets 45, Wiktionary senses 34."
seven,3,noun: 七つ・セブン [low],,,low,DICTIONARY_DISAGREEMENT|LOW_CONFIDENCE|POS_MISMATCH,true,true,disagreement,"At least one selected primary meaning has low confidence. Both dictionaries had data, but no selected candidate was supported by both sources. Top POS differs between dictionaries: WordNet=noun, Wiktionary=num."
seventy,3,noun: 七十 [low],,,low,DICTIONARY_DISAGREEMENT|LOW_CONFIDENCE|POS_MISMATCH,true,true,disagreement,"At least one selected primary meaning has low confidence. Both dictionaries had data, but no selected candidate was supported by both sources. Top POS differs between dictionaries: WordNet=noun, Wiktionary=num."
several,3,adjective: 別々・異々 [low],,,low,AMBIGUOUS_PRIMARY_SENSE|DICTIONARY_DISAGREEMENT|LOW_CONFIDENCE|POS_MISMATCH,true,true,disagreement,"At least one selected primary meaning has low confidence. Both dictionaries had data, but no selected candidate was supported by both sources. 7 candidate meanings remained after dictionary merge, so top-3 selection is heuristic. Top POS differs between dictionaries: WordNet=adjective, Wiktionary=det."
share,3,noun: 分け前・一口 [high],verb: 分かち合う・分かちあう [high],noun: シェア・株 [medium],medium,AMBIGUOUS_PRIMARY_SENSE|TOO_MANY_SENSES,true,true,supported-by-both,"11 candidate meanings remained after dictionary merge, so top-3 selection is heuristic. High sense count: WordNet synsets 10, Wiktionary senses 9."
she,3,pron: 彼女 [medium],pron: それ [medium],noun: 女性 [medium],medium,AMBIGUOUS_PRIMARY_SENSE,false,true,wiktionary-only,"5 candidate meanings remained after dictionary merge, so top-3 selection is heuristic."
shop,3,noun: 工場・作業場 [high],verb: 密告する・寝返る [high],noun: 店・商店 [medium],medium,AMBIGUOUS_PRIMARY_SENSE,true,true,supported-by-both,"10 candidate meanings remained after dictionary merge, so top-3 selection is heuristic."
short,3,adjective: 短い・短かい [high],adjective: 短い [high],noun: ショート・短絡 [high],medium,TOO_MANY_SENSES,true,true,supported-by-both,"High sense count: WordNet synsets 23, Wiktionary senses 9."
show,3,verb: 証明する・示す [high],verb: 案内 [high],noun: 表示・顕示 [high],medium,TOO_MANY_SENSES,true,true,supported-by-both,"High sense count: WordNet synsets 16, Wiktionary senses 14."
side,3,noun: 片側・側面 [high],noun: サイドスピン・陣営 [high],noun: 辺・縁 [medium],medium,AMBIGUOUS_PRIMARY_SENSE|TOO_MANY_SENSES,true,true,supported-by-both,"10 candidate meanings remained after dictionary merge, so top-3 selection is heuristic. High sense count: WordNet synsets 14, Wiktionary senses 12."
sit,3,verb: 開会する・開廷する [high],verb: 馬に乗る・乗る [high],verb: 座る・坐す [medium],medium,AMBIGUOUS_PRIMARY_SENSE|TOO_MANY_SENSES,true,true,supported-by-both,"9 candidate meanings remained after dictionary merge, so top-3 selection is heuristic. High sense count: WordNet synsets 10, Wiktionary senses 14."
sixty,3,noun: 六十 [low],,,low,DICTIONARY_DISAGREEMENT|LOW_CONFIDENCE|POS_MISMATCH,true,true,disagreement,"At least one selected primary meaning has low confidence. Both dictionaries had data, but no selected candidate was supported by both sources. Top POS differs between dictionaries: WordNet=noun, Wiktionary=num."
skip,3,verb: 表面を弾んで飛ぶ・飛ぶ [high],noun: スキップ [high],verb: スキップする・跳ねる [medium],medium,AMBIGUOUS_PRIMARY_SENSE,true,true,supported-by-both,"7 candidate meanings remained after dictionary merge, so top-3 selection is heuristic."
slash,3,verb: 伐倒す・切倒す [medium],noun: 固相線 [medium],noun: 切傷・切り傷 [medium],medium,AMBIGUOUS_PRIMARY_SENSE,true,false,wordnet-only,"7 candidate meanings remained after dictionary merge, so top-3 selection is heuristic."
small,3,adjective: 小さい・小型の [high],,,medium,TOO_MANY_SENSES,true,true,supported-by-both,"High sense count: WordNet synsets 13, Wiktionary senses 9."
so,3,adverb: 其は・然許 [low],,,low,AMBIGUOUS_PRIMARY_SENSE|DICTIONARY_DISAGREEMENT|LOW_CONFIDENCE|TOO_MANY_SENSES|POS_MISMATCH,true,true,disagreement,"At least one selected primary meaning has low confidence. Both dictionaries had data, but no selected candidate was supported by both sources. 12 candidate meanings remained after dictionary merge, so top-3 selection is heuristic. High sense count: WordNet synsets 11, Wiktionary senses 17. Top POS differs between dictionaries: WordNet=adverb, Wiktionary=abbreviation."
social,3,adjective: 社会の・社会的な [high],adjective: 社交的な・社交的 [high],,medium,TOO_MANY_SENSES,true,true,supported-by-both,"High sense count: WordNet synsets 7, Wiktionary senses 11."
solvent,3,noun: 溶媒・溶剤 [high],noun: 解決策・回答 [medium],,medium,AMBIGUOUS_PRIMARY_SENSE,true,true,supported-by-both,"4 candidate meanings remained after dictionary merge, so top-3 selection is heuristic."
some,3,adjective: いくらか・幾 [low],,,low,AMBIGUOUS_PRIMARY_SENSE|DICTIONARY_DISAGREEMENT|LOW_CONFIDENCE|POS_MISMATCH,true,true,disagreement,"At least one selected primary meaning has low confidence. Both dictionaries had data, but no selected candidate was supported by both sources. 8 candidate meanings remained after dictionary merge, so top-3 selection is heuristic. Top POS differs between dictionaries: WordNet=adjective, Wiktionary=det."
sound,3,adjective: 健全な・手堅い [high],noun: 音・音声 [high],verb: 鳴る・鳴らす [high],medium,TOO_MANY_SENSES,true,true,supported-by-both,"High sense count: WordNet synsets 24, Wiktionary senses 17."
special,3,adjective: 特殊な・特別な [high],,,medium,TOO_MANY_SENSES,true,true,supported-by-both,"High sense count: WordNet synsets 10, Wiktionary senses 4."
staff,3,noun: 譜表・五線 [high],noun: スタッフ・職員 [high],noun: 杖・棒 [medium],medium,AMBIGUOUS_PRIMARY_SENSE,true,true,supported-by-both,"8 candidate meanings remained after dictionary merge, so top-3 selection is heuristic."
stand,3,verb: 立つ・立っている [high],verb: 立てる [high],noun: スタンド・台座 [high],medium,TOO_MANY_SENSES,true,true,supported-by-both,"High sense count: WordNet synsets 24, Wiktionary senses 8."
start,3,verb: 始まる・始める [high],verb: 始まる [high],noun: 出発・出発信号機 [high],medium,TOO_MANY_SENSES,true,true,supported-by-both,"High sense count: WordNet synsets 22, Wiktionary senses 10."
state,3,noun: 状態・情勢 [high],noun: 国家 [high],verb: 明確に述べる・明記する [high],medium,TOO_MANY_SENSES,true,true,supported-by-both,"High sense count: WordNet synsets 11, Wiktionary senses 10."
static,3,noun: 静的・空電 [medium],,,medium,AMBIGUOUS_PRIMARY_SENSE,true,true,supported-by-both,"6 candidate meanings remained after dictionary merge, so top-3 selection is heuristic."
stay,3,verb: 延期する・延期 [high],noun: 支索 [high],verb: 留まる・滞在する [medium],medium,AMBIGUOUS_PRIMARY_SENSE|TOO_MANY_SENSES,true,true,supported-by-both,"11 candidate meanings remained after dictionary merge, so top-3 selection is heuristic. High sense count: WordNet synsets 16, Wiktionary senses 10."
step,3,noun: 歩み・一歩 [high],noun: 段・ステップ [high],noun: 段階・度合 [high],medium,TOO_MANY_SENSES,true,true,supported-by-both,"High sense count: WordNet synsets 21, Wiktionary senses 17."
still,3,adjective: 静止した [high],adverb: 静止して・居然 [high],noun: 静寂・静かさ [high],medium,TOO_MANY_SENSES,true,true,supported-by-both,"High sense count: WordNet synsets 18, Wiktionary senses 11."
stop,3,verb: 止まる・立ち止まる [high],verb: 止む・止る [high],noun: 停止・中止 [high],medium,TOO_MANY_SENSES,true,true,supported-by-both,"High sense count: WordNet synsets 22, Wiktionary senses 19."
strong,3,adjective: 強い・力強い [high],adjective: 強い [high],,medium,TOO_MANY_SENSES,true,true,supported-by-both,"High sense count: WordNet synsets 10, Wiktionary senses 8."
study,3,noun: 研究・調査 [high],noun: 研究 [high],verb: 勉強する・学ぶ [high],medium,TOO_MANY_SENSES,true,true,supported-by-both,"High sense count: WordNet synsets 16, Wiktionary senses 5."
subject,3,noun: 主題・話柄 [high],noun: 学科・分野 [high],noun: 主語・主辞 [high],medium,TOO_MANY_SENSES,true,true,supported-by-both,"High sense count: WordNet synsets 15, Wiktionary senses 10."
subtle,3,adjective: 微妙な・微妙 [high],adjective: 淡い・繊細 [medium],,medium,AMBIGUOUS_PRIMARY_SENSE,true,true,supported-by-both,"5 candidate meanings remained after dictionary merge, so top-3 selection is heuristic."
such,3,adverb: 是程・此程 [low],,,low,AMBIGUOUS_PRIMARY_SENSE|DICTIONARY_DISAGREEMENT|LOW_CONFIDENCE|POS_MISMATCH,true,true,disagreement,"At least one selected primary meaning has low confidence. Both dictionaries had data, but no selected candidate was supported by both sources. 4 candidate meanings remained after dictionary merge, so top-3 selection is heuristic. Top POS differs between dictionaries: WordNet=adverb, Wiktionary=adjective."
suicide,3,noun: 自殺・自害 [medium],,,medium,AMBIGUOUS_PRIMARY_SENSE,true,true,supported-by-both,"5 candidate meanings remained after dictionary merge, so top-3 selection is heuristic."
support,3,verb: 支える・支援する [high],noun: 支え・土台 [high],noun: 賛成・援助 [high],medium,TOO_MANY_SENSES,true,true,supported-by-both,"High sense count: WordNet synsets 22, Wiktionary senses 9."
sure,3,adjective: 確かな・確実な [high],adjective: 確信している・確信して [high],,medium,TOO_MANY_SENSES,true,true,supported-by-both,"High sense count: WordNet synsets 10, Wiktionary senses 5."
susceptible,3,adjective: 影響され易い・感じ易い [medium],,,medium,AMBIGUOUS_PRIMARY_SENSE,true,true,supported-by-both,"5 candidate meanings remained after dictionary merge, so top-3 selection is heuristic."
swap,3,noun: 取り替え・交換 [high],verb: 取り替える・交換する [medium],,medium,AMBIGUOUS_PRIMARY_SENSE,true,true,supported-by-both,"7 candidate meanings remained after dictionary merge, so top-3 selection is heuristic."
swell,3,noun: うねり・大波 [high],verb: 高まる [high],,medium,TOO_MANY_SENSES,true,true,supported-by-both,"High sense count: WordNet synsets 11, Wiktionary senses 14."
synthetic,3,adjective: 総合の・総合的 [medium],adjective: 人工の・人工的 [medium],,medium,AMBIGUOUS_PRIMARY_SENSE,true,true,supported-by-both,"5 candidate meanings remained after dictionary merge, so top-3 selection is heuristic."
table,3,noun: テーブル・食卓 [high],,,medium,TOO_MANY_SENSES,true,true,supported-by-both,"High sense count: WordNet synsets 8, Wiktionary senses 10."
take,3,verb: 取る・手にする [high],verb: 取る [high],verb: 出す・取る [high],medium,TOO_MANY_SENSES,true,true,supported-by-both,"High sense count: WordNet synsets 44, Wiktionary senses 9."
talk,3,verb: 話す・くっちゃべる [high],noun: 会話・語い [high],,medium,TOO_MANY_SENSES,true,true,supported-by-both,"High sense count: WordNet synsets 11, Wiktionary senses 12."
ten,3,noun: テン [low],,,low,DICTIONARY_DISAGREEMENT|LOW_CONFIDENCE|POS_MISMATCH,true,true,disagreement,"At least one selected primary meaning has low confidence. Both dictionaries had data, but no selected candidate was supported by both sources. Top POS differs between dictionaries: WordNet=noun, Wiktionary=num."
term,3,noun: 期間・ターム [high],noun: 言葉・用語 [high],verb: 名づける・称す [high],medium,TOO_MANY_SENSES,true,true,supported-by-both,"High sense count: WordNet synsets 8, Wiktionary senses 12."
test,3,noun: 試験・検査 [high],noun: 試練・試煉 [high],verb: 試験を受ける・考査 [high],medium,TOO_MANY_SENSES,true,true,supported-by-both,"High sense count: WordNet synsets 13, Wiktionary senses 7."
than,3,,,,low,MISSING_JAPANESE,false,true,wiktionary-only,Neither dictionary provided a usable Japanese meaning for this sample word.
thing,3,noun: 事柄・事物 [high],noun: 事柄 [high],noun: 物体・事 [medium],medium,AMBIGUOUS_PRIMARY_SENSE|TOO_MANY_SENSES,true,true,supported-by-both,"6 candidate meanings remained after dictionary merge, so top-3 selection is heuristic. High sense count: WordNet synsets 12, Wiktionary senses 4."
think,3,verb: 思う・惟う [high],verb: 思う [high],noun: 考え [high],medium,TOO_MANY_SENSES,true,true,supported-by-both,"High sense count: WordNet synsets 14, Wiktionary senses 5."
thirteen,3,noun: 十三 [low],,,low,DICTIONARY_DISAGREEMENT|LOW_CONFIDENCE|POS_MISMATCH,true,true,disagreement,"At least one selected primary meaning has low confidence. Both dictionaries had data, but no selected candidate was supported by both sources. Top POS differs between dictionaries: WordNet=noun, Wiktionary=num."
thirty,3,noun: 三十・三十路 [low],,,low,DICTIONARY_DISAGREEMENT|LOW_CONFIDENCE|POS_MISMATCH,true,true,disagreement,"At least one selected primary meaning has low confidence. Both dictionaries had data, but no selected candidate was supported by both sources. Top POS differs between dictionaries: WordNet=noun, Wiktionary=num."
thread,3,noun: 筋道・脈絡 [high],noun: 糸・紡糸 [medium],,medium,AMBIGUOUS_PRIMARY_SENSE,true,true,supported-by-both,"8 candidate meanings remained after dictionary merge, so top-3 selection is heuristic."
three,3,noun: 三つ・参 [low],,,low,DICTIONARY_DISAGREEMENT|LOW_CONFIDENCE|POS_MISMATCH,true,true,disagreement,"At least one selected primary meaning has low confidence. Both dictionaries had data, but no selected candidate was supported by both sources. Top POS differs between dictionaries: WordNet=noun, Wiktionary=num."
time,3,noun: 時間・一時 [high],verb: 時間を計る・計る [high],,medium,TOO_MANY_SENSES,true,true,supported-by-both,"High sense count: WordNet synsets 15, Wiktionary senses 7."
today,3,noun: きょう・今日 [medium],adverb: 今日この日に・今では [medium],,medium,AMBIGUOUS_PRIMARY_SENSE,true,true,supported-by-both,"5 candidate meanings remained after dictionary merge, so top-3 selection is heuristic."
top,3,noun: 頂・頂上 [high],noun: 独楽 [high],verb: 超す・上回る [high],medium,TOO_MANY_SENSES,true,true,supported-by-both,"High sense count: WordNet synsets 22, Wiktionary senses 17."
toward,3,,,,low,MISSING_JAPANESE,false,true,wiktionary-only,Neither dictionary provided a usable Japanese meaning for this sample word.
tract,3,noun: 小冊子・冊子 [high],noun: 地域・土地 [medium],,medium,AMBIGUOUS_PRIMARY_SENSE,true,true,supported-by-both,"6 candidate meanings remained after dictionary merge, so top-3 selection is heuristic."
train,3,noun: 列車・電車 [high],verb: 鍛える・練習する [high],verb: 向ける・狙う [high],medium,TOO_MANY_SENSES,true,true,supported-by-both,"High sense count: WordNet synsets 17, Wiktionary senses 9."
trans,3,,,,low,MISSING_JAPANESE,false,false,missing,Neither dictionary provided a usable Japanese meaning for this sample word.
transcription,3,noun: 写し・書取 [high],noun: 書き換え・収録 [medium],,medium,AMBIGUOUS_PRIMARY_SENSE,true,true,supported-by-both,"6 candidate meanings remained after dictionary merge, so top-3 selection is heuristic."
triangle,3,noun: 三角 [medium],noun: 三角形 [medium],noun: 三角座 [medium],medium,AMBIGUOUS_PRIMARY_SENSE,true,false,wordnet-only,"4 candidate meanings remained after dictionary merge, so top-3 selection is heuristic."
trillion,3,noun: 一兆 [low],,,low,AMBIGUOUS_PRIMARY_SENSE|DICTIONARY_DISAGREEMENT|LOW_CONFIDENCE|POS_MISMATCH,true,true,disagreement,"At least one selected primary meaning has low confidence. Both dictionaries had data, but no selected candidate was supported by both sources. 5 candidate meanings remained after dictionary merge, so top-3 selection is heuristic. Top POS differs between dictionaries: WordNet=noun, Wiktionary=num."
try,3,verb: 試す・試みる [high],noun: 努力・企て [high],verb: 図る・挑む [medium],medium,AMBIGUOUS_PRIMARY_SENSE|TOO_MANY_SENSES,true,true,supported-by-both,"9 candidate meanings remained after dictionary merge, so top-3 selection is heuristic. High sense count: WordNet synsets 10, Wiktionary senses 5."
turn,3,verb: 回す・拗る [high],verb: 回す [high],noun: 回転・順番 [high],medium,TOO_MANY_SENSES,true,true,supported-by-both,"High sense count: WordNet synsets 38, Wiktionary senses 11."
twelve,3,adjective: 十二の [low],,,low,DICTIONARY_DISAGREEMENT|LOW_CONFIDENCE|POS_MISMATCH,true,true,disagreement,"At least one selected primary meaning has low confidence. Both dictionaries had data, but no selected candidate was supported by both sources. Top POS differs between dictionaries: WordNet=adjective, Wiktionary=num."
twenty,3,noun: 二十 [low],,,low,DICTIONARY_DISAGREEMENT|LOW_CONFIDENCE|POS_MISMATCH,true,true,disagreement,"At least one selected primary meaning has low confidence. Both dictionaries had data, but no selected candidate was supported by both sources. Top POS differs between dictionaries: WordNet=noun, Wiktionary=num."
ultimate,3,adjective: 究極の・終いに到達する所の [medium],,,medium,AMBIGUOUS_PRIMARY_SENSE,true,true,supported-by-both,"7 candidate meanings remained after dictionary merge, so top-3 selection is heuristic."
under,3,adverb: 従属して・圧倒されて [low],,,low,DICTIONARY_DISAGREEMENT|LOW_CONFIDENCE|TOO_MANY_SENSES|POS_MISMATCH,true,true,disagreement,"At least one selected primary meaning has low confidence. Both dictionaries had data, but no selected candidate was supported by both sources. High sense count: WordNet synsets 10, Wiktionary senses 4. Top POS differs between dictionaries: WordNet=adverb, Wiktionary=preposition."
until,3,,,,low,MISSING_JAPANESE,false,true,wiktionary-only,Neither dictionary provided a usable Japanese meaning for this sample word.
up,3,verb: 増やす・引き上げる [high],adverb: 上の方へ・上方へ [medium],,medium,AMBIGUOUS_PRIMARY_SENSE|TOO_MANY_SENSES,true,true,supported-by-both,"8 candidate meanings remained after dictionary merge, so top-3 selection is heuristic. High sense count: WordNet synsets 14, Wiktionary senses 42."
use,3,noun: 使用・使い [high],noun: 使用 [high],verb: 使う・働かす [high],medium,TOO_MANY_SENSES,true,true,supported-by-both,"High sense count: WordNet synsets 13, Wiktionary senses 10."
value,3,noun: 値・価値 [high],noun: 価値観 [high],verb: 高く評価する・尊ぶ [high],medium,TOO_MANY_SENSES,true,true,supported-by-both,"High sense count: WordNet synsets 11, Wiktionary senses 8."
very,3,adverb: ても・大変 [medium],adjective: 真実の・実の [medium],,medium,AMBIGUOUS_PRIMARY_SENSE,true,true,supported-by-both,"5 candidate meanings remained after dictionary merge, so top-3 selection is heuristic."
view,3,noun: 眺め・風景 [high],verb: 見る・惟る [high],,medium,TOO_MANY_SENSES,true,true,supported-by-both,"High sense count: WordNet synsets 13, Wiktionary senses 10."
visit,3,verb: 訪れる・訪ねる [high],noun: 訪問 [high],,medium,TOO_MANY_SENSES,true,true,supported-by-both,"High sense count: WordNet synsets 13, Wiktionary senses 8."
wait,3,verb: 待つ・待ち受ける [high],noun: 待ち時間 [high],verb: 給仕する・給仕として働く [medium],medium,AMBIGUOUS_PRIMARY_SENSE,true,true,supported-by-both,"6 candidate meanings remained after dictionary merge, so top-3 selection is heuristic."
walk,3,verb: 歩く・歩む [high],verb: 歩く [high],noun: 散歩・散策 [high],medium,TOO_MANY_SENSES,true,true,supported-by-both,"High sense count: WordNet synsets 17, Wiktionary senses 15."
want,3,verb: 念う・望む [medium],verb: 求む・求める [medium],noun: 貧困・困窮 [medium],medium,AMBIGUOUS_PRIMARY_SENSE|TOO_MANY_SENSES,true,true,supported-by-both,"13 candidate meanings remained after dictionary merge, so top-3 selection is heuristic. High sense count: WordNet synsets 9, Wiktionary senses 10."
watch,3,noun: 監視・監視人 [high],verb: 見る・看る [high],verb: 見る [high],medium,TOO_MANY_SENSES,true,true,supported-by-both,"High sense count: WordNet synsets 13, Wiktionary senses 6."
water,3,noun: 給水・水 [high],noun: 水・お水 [medium],,medium,AMBIGUOUS_PRIMARY_SENSE|TOO_MANY_SENSES,true,true,supported-by-both,"8 candidate meanings remained after dictionary merge, so top-3 selection is heuristic. High sense count: WordNet synsets 10, Wiktionary senses 7."
way,3,noun: 道・方法 [high],adverb: かなり・ずっと [high],noun: 道 [medium],medium,AMBIGUOUS_PRIMARY_SENSE|TOO_MANY_SENSES,true,true,supported-by-both,"8 candidate meanings remained after dictionary merge, so top-3 selection is heuristic. High sense count: WordNet synsets 13, Wiktionary senses 8."
weave,3,verb: 編む・織る [high],noun: 編み方・織り方 [high],verb: 織る・織出す [medium],medium,AMBIGUOUS_PRIMARY_SENSE,true,true,supported-by-both,"7 candidate meanings remained after dictionary merge, so top-3 selection is heuristic."
well,3,noun: 井戸・油田 [high],adverb: 上手に・克く [medium],adjective: 健康な・丈夫 [medium],medium,AMBIGUOUS_PRIMARY_SENSE|TOO_MANY_SENSES,true,true,supported-by-both,"9 candidate meanings remained after dictionary merge, so top-3 selection is heuristic. High sense count: WordNet synsets 22, Wiktionary senses 7."
what,3,det: 何の・どんな [medium],det: する全ての [medium],pronoun: 何が [medium],medium,AMBIGUOUS_PRIMARY_SENSE|TOO_MANY_SENSES,false,true,wiktionary-only,"6 candidate meanings remained after dictionary merge, so top-3 selection is heuristic. High sense count: WordNet synsets 0, Wiktionary senses 10."
when,3,adverb: いつ [medium],pronoun: いつ [medium],pronoun: そのとき [medium],medium,AMBIGUOUS_PRIMARY_SENSE|TOO_MANY_SENSES,false,true,wiktionary-only,"5 candidate meanings remained after dictionary merge, so top-3 selection is heuristic. High sense count: WordNet synsets 0, Wiktionary senses 13."
where,3,adverb: どこに・どこへ [medium],adverb: どの点で [medium],noun: 場所 [medium],medium,AMBIGUOUS_PRIMARY_SENSE,false,true,wiktionary-only,"5 candidate meanings remained after dictionary merge, so top-3 selection is heuristic."
whereby,3,,,,low,MISSING_JAPANESE,false,false,missing,Neither dictionary provided a usable Japanese meaning for this sample word.
whether,3,,,,low,MISSING_JAPANESE,false,true,wiktionary-only,Neither dictionary provided a usable Japanese meaning for this sample word.
white,3,noun: 白人・コーカソイド [high],adjective: 白い・真っ白い [high],adjective: 白い [high],medium,TOO_MANY_SENSES,true,true,supported-by-both,"High sense count: WordNet synsets 25, Wiktionary senses 7."
whole,3,noun: 全体・一統 [high],adjective: 全ての・全体の [medium],adverb: 全てにおいて・全体を [medium],medium,AMBIGUOUS_PRIMARY_SENSE,true,true,supported-by-both,"5 candidate meanings remained after dictionary merge, so top-3 selection is heuristic."
will,3,noun: 意志・意思 [high],verb: だろう・命ずる [medium],,medium,AMBIGUOUS_PRIMARY_SENSE,true,true,supported-by-both,"5 candidate meanings remained after dictionary merge, so top-3 selection is heuristic."
word,3,noun: 言葉・単語 [high],noun: 短い会話や話・一言 [high],noun: 聖書・福音書 [high],medium,TOO_MANY_SENSES,true,true,supported-by-both,"High sense count: WordNet synsets 11, Wiktionary senses 8."
work,3,noun: 仕事・職業 [high],noun: 作品・成果 [high],verb: 動く・作用する [high],medium,TOO_MANY_SENSES,true,true,supported-by-both,"High sense count: WordNet synsets 34, Wiktionary senses 12."
write,3,verb: 書く・綴る [high],verb: 書く [high],,medium,TOO_MANY_SENSES,true,true,supported-by-both,"High sense count: WordNet synsets 10, Wiktionary senses 3."
year,3,noun: 年度 [high],noun: 一年・年中 [medium],noun: 同期生 [medium],medium,AMBIGUOUS_PRIMARY_SENSE,true,true,supported-by-both,"7 candidate meanings remained after dictionary merge, so top-3 selection is heuristic."
yes,3,noun: 肯定的な返答 [low],,,low,AMBIGUOUS_PRIMARY_SENSE|DICTIONARY_DISAGREEMENT|LOW_CONFIDENCE|POS_MISMATCH,true,true,disagreement,"At least one selected primary meaning has low confidence. Both dictionaries had data, but no selected candidate was supported by both sources. 7 candidate meanings remained after dictionary merge, so top-3 selection is heuristic. Top POS differs between dictionaries: WordNet=noun, Wiktionary=adverb."
yet,3,adverb: まだ・いまだ [medium],,,medium,AMBIGUOUS_PRIMARY_SENSE,true,true,supported-by-both,"6 candidate meanings remained after dictionary merge, so top-3 selection is heuristic."
young,3,adjective: 若い [high],adjective: 新しい・新た [high],adjective: 幼い・稚い [high],medium,TOO_MANY_SENSES,true,true,supported-by-both,"High sense count: WordNet synsets 14, Wiktionary senses 8."
zero,3,noun: 皆無・絶無 [medium],noun: ゼロ・零 [medium],noun: ZERO [medium],low,AMBIGUOUS_PRIMARY_SENSE|UNNATURAL_JAPANESE|TOO_MANY_SENSES,true,true,supported-by-both,"Selected display text may be unnatural: ZERO. 8 candidate meanings remained after dictionary merge, so top-3 selection is heuristic. High sense count: WordNet synsets 10, Wiktionary senses 7."
