word,level,primaryMeaning1,primaryMeaning2,primaryMeaning3,wordConfidence,reviewReasons,wordnetCoverage,wiktionaryCoverage,decision,decisionReason
admission,1,noun: 承認・許可 [high],noun: 受け入れ・入場許可 [high],noun: 場銭・席代 [medium],medium,AMBIGUOUS_PRIMARY_SENSE,true,true,AUTO_ACCEPT,"Review was caused only by sense volume/ambiguity; primary meanings are non-empty, medium-or-better confidence, naturally sized, non-duplicate, and dictionary-grounded."
alert,1,noun: 警戒警報・警告 [high],adjective: 警戒して・油断なく [medium],verb: 警戒させる・注意させる [medium],medium,AMBIGUOUS_PRIMARY_SENSE,true,true,AUTO_ACCEPT,"Review was caused only by sense volume/ambiguity; primary meanings are non-empty, medium-or-better confidence, naturally sized, non-duplicate, and dictionary-grounded."
attendant,1,noun: 付き人・従者 [high],noun: 出席者・参列者 [medium],adjective: 伴う・付随する [medium],medium,AMBIGUOUS_PRIMARY_SENSE,true,true,AUTO_ACCEPT,"Review was caused only by sense volume/ambiguity; primary meanings are non-empty, medium-or-better confidence, naturally sized, non-duplicate, and dictionary-grounded."
automatic,1,adjective: 機械的な・機械的 [high],noun: 自動拳銃 [high],adjective: 自動の・自動性 [medium],medium,AMBIGUOUS_PRIMARY_SENSE,true,true,AUTO_ACCEPT,"Review was caused only by sense volume/ambiguity; primary meanings are non-empty, medium-or-better confidence, naturally sized, non-duplicate, and dictionary-grounded."
bargain,1,noun: 取引・取り引き [high],noun: 買い得・引き合い [high],verb: 交渉する・叩く [medium],medium,AMBIGUOUS_PRIMARY_SENSE,true,true,AUTO_ACCEPT,"Review was caused only by sense volume/ambiguity; primary meanings are non-empty, medium-or-better confidence, naturally sized, non-duplicate, and dictionary-grounded."
battery,1,noun: 電池・乾電池 [high],noun: 砲兵隊・一式 [medium],,medium,AMBIGUOUS_PRIMARY_SENSE,true,true,AUTO_ACCEPT,"Review was caused only by sense volume/ambiguity; primary meanings are non-empty, medium-or-better confidence, naturally sized, non-duplicate, and dictionary-grounded."
brake,1,noun: プレスブレーキ・歯止め [high],noun: ブレーキ・制動機 [high],noun: 蕨 [medium],medium,AMBIGUOUS_PRIMARY_SENSE|TOO_MANY_SENSES,true,true,AUTO_ACCEPT,"Review was caused only by sense volume/ambiguity; primary meanings are non-empty, medium-or-better confidence, naturally sized, non-duplicate, and dictionary-grounded."
cabin,1,noun: 小屋・粗末な小家屋 [high],noun: 船室・ケビン [high],,medium,TOO_MANY_SENSES,true,true,AUTO_ACCEPT,"Review was caused only by sense volume/ambiguity; primary meanings are non-empty, medium-or-better confidence, naturally sized, non-duplicate, and dictionary-grounded."
carrier,1,noun: 搬送波 [high],noun: 通信キャリア・キャリア [high],noun: 運搬車 [medium],medium,AMBIGUOUS_PRIMARY_SENSE|TOO_MANY_SENSES,true,true,AUTO_ACCEPT,"Review was caused only by sense volume/ambiguity; primary meanings are non-empty, medium-or-better confidence, naturally sized, non-duplicate, and dictionary-grounded."
cartridge,1,noun: インクカートリッジ・薬莢 [high],noun: 実包・マガジン [medium],,medium,AMBIGUOUS_PRIMARY_SENSE,true,true,AUTO_ACCEPT,"Review was caused only by sense volume/ambiguity; primary meanings are non-empty, medium-or-better confidence, naturally sized, non-duplicate, and dictionary-grounded."
casual,1,adjective: 何気ない・さりげない [high],adjective: 打ち解けた・気軽な [medium],,medium,AMBIGUOUS_PRIMARY_SENSE|TOO_MANY_SENSES,true,true,AUTO_ACCEPT,"Review was caused only by sense volume/ambiguity; primary meanings are non-empty, medium-or-better confidence, naturally sized, non-duplicate, and dictionary-grounded."
ceiling,1,noun: 天井 [high],noun: 上限・限度 [high],noun: 限界高度・雲底高度 [medium],medium,AMBIGUOUS_PRIMARY_SENSE,true,true,AUTO_ACCEPT,"Review was caused only by sense volume/ambiguity; primary meanings are non-empty, medium-or-better confidence, naturally sized, non-duplicate, and dictionary-grounded."
clarify,1,verb: 純化する・清ます [high],verb: 明らかにする・焙出す [medium],,medium,AMBIGUOUS_PRIMARY_SENSE,true,true,AUTO_ACCEPT,"Review was caused only by sense volume/ambiguity; primary meanings are non-empty, medium-or-better confidence, naturally sized, non-duplicate, and dictionary-grounded."
commute,1,noun: 通勤 [high],verb: 通勤する・転位 [medium],,medium,AMBIGUOUS_PRIMARY_SENSE,true,true,AUTO_ACCEPT,"Review was caused only by sense volume/ambiguity; primary meanings are non-empty, medium-or-better confidence, naturally sized, non-duplicate, and dictionary-grounded."
compact,1,adjective: 簡潔な・簡潔 [high],noun: コンパクト・パウダーコンパクト [high],noun: 小型車・小型自動車 [high],medium,TOO_MANY_SENSES,true,true,AUTO_ACCEPT,"Review was caused only by sense volume/ambiguity; primary meanings are non-empty, medium-or-better confidence, naturally sized, non-duplicate, and dictionary-grounded."
deck,1,noun: 甲板・デッキ [high],verb: 着飾る・美しく装う [high],,medium,TOO_MANY_SENSES,true,true,AUTO_ACCEPT,"Review was caused only by sense volume/ambiguity; primary meanings are non-empty, medium-or-better confidence, naturally sized, non-duplicate, and dictionary-grounded."
defect,1,noun: 欠陥・障害 [high],verb: 離れる・去る [medium],,medium,AMBIGUOUS_PRIMARY_SENSE,true,true,AUTO_ACCEPT,"Review was caused only by sense volume/ambiguity; primary meanings are non-empty, medium-or-better confidence, naturally sized, non-duplicate, and dictionary-grounded."
designate,1,verb: 指す・示す [high],verb: 指名する・名付ける [medium],,medium,AMBIGUOUS_PRIMARY_SENSE,true,true,AUTO_ACCEPT,"Review was caused only by sense volume/ambiguity; primary meanings are non-empty, medium-or-better confidence, naturally sized, non-duplicate, and dictionary-grounded."
dock,1,noun: 船渠・ドック [high],noun: 埠頭・波止場 [high],noun: 被告席 [high],medium,TOO_MANY_SENSES,true,true,AUTO_ACCEPT,"Review was caused only by sense volume/ambiguity; primary meanings are non-empty, medium-or-better confidence, naturally sized, non-duplicate, and dictionary-grounded."
documentation,1,noun: ドキュメンテーション・付随資料 [high],noun: 文書化・傍証 [medium],,medium,AMBIGUOUS_PRIMARY_SENSE,true,true,AUTO_ACCEPT,"Review was caused only by sense volume/ambiguity; primary meanings are non-empty, medium-or-better confidence, naturally sized, non-duplicate, and dictionary-grounded."
drill,1,verb: 温習・練習 [high],noun: 錐・穿孔機 [high],noun: 反復練習・訓練 [high],medium,TOO_MANY_SENSES,true,true,AUTO_ACCEPT,"Review was caused only by sense volume/ambiguity; primary meanings are non-empty, medium-or-better confidence, naturally sized, non-duplicate, and dictionary-grounded."
duplicate,1,noun: 写し・複製 [high],verb: 繰り返す・仕返す [medium],,medium,AMBIGUOUS_PRIMARY_SENSE,true,true,AUTO_ACCEPT,"Review was caused only by sense volume/ambiguity; primary meanings are non-empty, medium-or-better confidence, naturally sized, non-duplicate, and dictionary-grounded."
exit,1,noun: 出口・逃路 [high],noun: 出口 [high],,medium,TOO_MANY_SENSES,true,true,AUTO_ACCEPT,"Review was caused only by sense volume/ambiguity; primary meanings are non-empty, medium-or-better confidence, naturally sized, non-duplicate, and dictionary-grounded."
fountain,1,noun: 噴水・噴水池 [high],noun: 泉・流出 [medium],,medium,AMBIGUOUS_PRIMARY_SENSE|TOO_MANY_SENSES,true,true,AUTO_ACCEPT,"Review was caused only by sense volume/ambiguity; primary meanings are non-empty, medium-or-better confidence, naturally sized, non-duplicate, and dictionary-grounded."
generous,1,adjective: 寛大な・広い [high],adjective: 気前のよい・惜しみ無い [medium],,medium,AMBIGUOUS_PRIMARY_SENSE,true,true,AUTO_ACCEPT,"Review was caused only by sense volume/ambiguity; primary meanings are non-empty, medium-or-better confidence, naturally sized, non-duplicate, and dictionary-grounded."
hike,1,verb: ハイキングをする・ハイキング [high],noun: ハイキング・遠足 [medium],,medium,AMBIGUOUS_PRIMARY_SENSE,true,true,AUTO_ACCEPT,"Review was caused only by sense volume/ambiguity; primary meanings are non-empty, medium-or-better confidence, naturally sized, non-duplicate, and dictionary-grounded."
installation,1,noun: 就任・入会 [high],noun: 基地・施設 [high],noun: 取り付け・据え付け [medium],medium,AMBIGUOUS_PRIMARY_SENSE,true,true,AUTO_ACCEPT,"Review was caused only by sense volume/ambiguity; primary meanings are non-empty, medium-or-better confidence, naturally sized, non-duplicate, and dictionary-grounded."
irregular,1,adjective: 不規則な・変則 [high],,,medium,TOO_MANY_SENSES,true,true,AUTO_ACCEPT,"Review was caused only by sense volume/ambiguity; primary meanings are non-empty, medium-or-better confidence, naturally sized, non-duplicate, and dictionary-grounded."
jam,1,noun: ジャム [high],verb: 押し込む・詰め込む [medium],,medium,AMBIGUOUS_PRIMARY_SENSE|TOO_MANY_SENSES,true,true,AUTO_ACCEPT,"Review was caused only by sense volume/ambiguity; primary meanings are non-empty, medium-or-better confidence, naturally sized, non-duplicate, and dictionary-grounded."
jazz,1,noun: ジャズ [high],,,medium,TOO_MANY_SENSES,true,true,AUTO_ACCEPT,"Review was caused only by sense volume/ambiguity; primary meanings are non-empty, medium-or-better confidence, naturally sized, non-duplicate, and dictionary-grounded."
jet,1,noun: 気体や液体を噴射・噴出する [high],verb: 噴出する・噴出 [high],,medium,TOO_MANY_SENSES,true,true,AUTO_ACCEPT,"Review was caused only by sense volume/ambiguity; primary meanings are non-empty, medium-or-better confidence, naturally sized, non-duplicate, and dictionary-grounded."
lane,1,noun: 車道・レーン [high],noun: 通り・小径 [medium],,medium,AMBIGUOUS_PRIMARY_SENSE,true,true,AUTO_ACCEPT,"Review was caused only by sense volume/ambiguity; primary meanings are non-empty, medium-or-better confidence, naturally sized, non-duplicate, and dictionary-grounded."
leak,1,noun: 漏れ口 [high],verb: 漏らす・洩る [medium],,medium,AMBIGUOUS_PRIMARY_SENSE|TOO_MANY_SENSES,true,true,AUTO_ACCEPT,"Review was caused only by sense volume/ambiguity; primary meanings are non-empty, medium-or-better confidence, naturally sized, non-duplicate, and dictionary-grounded."
mall,1,noun: ショッピングモール・モール [high],noun: 木陰の散歩道・遊歩道 [medium],,medium,AMBIGUOUS_PRIMARY_SENSE,true,true,AUTO_ACCEPT,"Review was caused only by sense volume/ambiguity; primary meanings are non-empty, medium-or-better confidence, naturally sized, non-duplicate, and dictionary-grounded."
mask,1,noun: 覆面・仮面 [high],verb: ビットマスク処理をする・恍ける [high],noun: 網の目・掩蔽 [medium],medium,AMBIGUOUS_PRIMARY_SENSE|TOO_MANY_SENSES,true,true,AUTO_ACCEPT,"Review was caused only by sense volume/ambiguity; primary meanings are non-empty, medium-or-better confidence, naturally sized, non-duplicate, and dictionary-grounded."
mild,1,adjective: 軽い・弱い [high],adjective: 優しい・穏やか [medium],,medium,AMBIGUOUS_PRIMARY_SENSE|TOO_MANY_SENSES,true,true,AUTO_ACCEPT,"Review was caused only by sense volume/ambiguity; primary meanings are non-empty, medium-or-better confidence, naturally sized, non-duplicate, and dictionary-grounded."
nail,1,verb: 釘で打ちつける・かっ飛ばす [high],noun: 爪・金釘 [medium],verb: 送球により走者を刺す・送球を成功させる [medium],medium,AMBIGUOUS_PRIMARY_SENSE|TOO_MANY_SENSES,true,true,AUTO_ACCEPT,"Review was caused only by sense volume/ambiguity; primary meanings are non-empty, medium-or-better confidence, naturally sized, non-duplicate, and dictionary-grounded."
organizer,1,noun: 組織者・主催者 [high],noun: 組織者 [medium],,medium,AMBIGUOUS_PRIMARY_SENSE,true,true,AUTO_ACCEPT,"Review was caused only by sense volume/ambiguity; primary meanings are non-empty, medium-or-better confidence, naturally sized, non-duplicate, and dictionary-grounded."
orientation,1,noun: オリエンテーション・標定 [high],noun: 興味・主義 [medium],noun: 向き・方向付け [medium],medium,AMBIGUOUS_PRIMARY_SENSE,true,true,AUTO_ACCEPT,"Review was caused only by sense volume/ambiguity; primary meanings are non-empty, medium-or-better confidence, naturally sized, non-duplicate, and dictionary-grounded."
overhead,1,noun: スマッシュ [high],noun: オーバーヘッド [high],adverb: 頭上に [high],medium,TOO_MANY_SENSES,true,true,AUTO_ACCEPT,"Review was caused only by sense volume/ambiguity; primary meanings are non-empty, medium-or-better confidence, naturally sized, non-duplicate, and dictionary-grounded."
overlook,1,verb: 見下ろす [high],verb: 大目に見る・見外す [medium],,medium,AMBIGUOUS_PRIMARY_SENSE,true,true,AUTO_ACCEPT,"Review was caused only by sense volume/ambiguity; primary meanings are non-empty, medium-or-better confidence, naturally sized, non-duplicate, and dictionary-grounded."
painter,1,noun: 舫い綱・舫い [high],noun: ピューマ・プーマ [high],noun: 絵描き・画家 [medium],medium,AMBIGUOUS_PRIMARY_SENSE,true,true,AUTO_ACCEPT,"Review was caused only by sense volume/ambiguity; primary meanings are non-empty, medium-or-better confidence, naturally sized, non-duplicate, and dictionary-grounded."
parade,1,noun: 行列・行進 [high],verb: 誇示する・見せびらかす [medium],,medium,AMBIGUOUS_PRIMARY_SENSE|TOO_MANY_SENSES,true,true,AUTO_ACCEPT,"Review was caused only by sense volume/ambiguity; primary meanings are non-empty, medium-or-better confidence, naturally sized, non-duplicate, and dictionary-grounded."
pie,1,noun: パイ [high],,,medium,TOO_MANY_SENSES,true,true,AUTO_ACCEPT,"Review was caused only by sense volume/ambiguity; primary meanings are non-empty, medium-or-better confidence, naturally sized, non-duplicate, and dictionary-grounded."
plug,1,noun: 電源プラグ・コンセント [high],verb: コンセントに差し込む・塞ぐ [medium],,medium,AMBIGUOUS_PRIMARY_SENSE|TOO_MANY_SENSES,true,true,AUTO_ACCEPT,"Review was caused only by sense volume/ambiguity; primary meanings are non-empty, medium-or-better confidence, naturally sized, non-duplicate, and dictionary-grounded."
polish,1,adjective: ポーランド語の・ポーランド語 [high],noun: ポーランド語 [high],noun: 洗練・洗練された状態 [high],medium,TOO_MANY_SENSES,true,true,AUTO_ACCEPT,"Review was caused only by sense volume/ambiguity; primary meanings are non-empty, medium-or-better confidence, naturally sized, non-duplicate, and dictionary-grounded."
prescription,1,noun: 処方箋・薬箋 [high],noun: 処方薬・要指示薬 [high],noun: 時効・規程 [medium],medium,AMBIGUOUS_PRIMARY_SENSE,true,true,AUTO_ACCEPT,"Review was caused only by sense volume/ambiguity; primary meanings are non-empty, medium-or-better confidence, naturally sized, non-duplicate, and dictionary-grounded."
projection,1,noun: 突起・突出 [high],noun: 投影・投射 [high],noun: 計画・考案 [high],medium,TOO_MANY_SENSES,true,true,AUTO_ACCEPT,"Review was caused only by sense volume/ambiguity; primary meanings are non-empty, medium-or-better confidence, naturally sized, non-duplicate, and dictionary-grounded."
rack,1,noun: ラック [high],verb: 苦しめる・ひどく苦しめる [high],,medium,TOO_MANY_SENSES,true,true,AUTO_ACCEPT,"Review was caused only by sense volume/ambiguity; primary meanings are non-empty, medium-or-better confidence, naturally sized, non-duplicate, and dictionary-grounded."
remainder,1,noun: 余り・剰余 [high],noun: 残り・切れ端 [medium],,medium,AMBIGUOUS_PRIMARY_SENSE,true,true,AUTO_ACCEPT,"Review was caused only by sense volume/ambiguity; primary meanings are non-empty, medium-or-better confidence, naturally sized, non-duplicate, and dictionary-grounded."
sleeve,1,noun: スリーブ [high],noun: 袖・捩り [medium],,medium,AMBIGUOUS_PRIMARY_SENSE,true,true,AUTO_ACCEPT,"Review was caused only by sense volume/ambiguity; primary meanings are non-empty, medium-or-better confidence, naturally sized, non-duplicate, and dictionary-grounded."
sock,1,noun: 靴下・ソックス [high],verb: 殴打する・ぶん殴る [medium],,medium,AMBIGUOUS_PRIMARY_SENSE|TOO_MANY_SENSES,true,true,AUTO_ACCEPT,"Review was caused only by sense volume/ambiguity; primary meanings are non-empty, medium-or-better confidence, naturally sized, non-duplicate, and dictionary-grounded."
sometime,1,adjective: 以前の・かつての [high],adverb: ある時・早晩 [medium],,medium,AMBIGUOUS_PRIMARY_SENSE,true,true,AUTO_ACCEPT,"Review was caused only by sense volume/ambiguity; primary meanings are non-empty, medium-or-better confidence, naturally sized, non-duplicate, and dictionary-grounded."
stack,1,noun: 煙突 [high],noun: スタック [high],verb: 積み上げる・積み重ねる [high],medium,TOO_MANY_SENSES,true,true,AUTO_ACCEPT,"Review was caused only by sense volume/ambiguity; primary meanings are non-empty, medium-or-better confidence, naturally sized, non-duplicate, and dictionary-grounded."
superior,1,adjective: 身分や地位が高い・偉い [high],adjective: 優れた・上等 [medium],noun: 身分や地位が高い者・目上 [medium],medium,AMBIGUOUS_PRIMARY_SENSE|TOO_MANY_SENSES,true,true,AUTO_ACCEPT,"Review was caused only by sense volume/ambiguity; primary meanings are non-empty, medium-or-better confidence, naturally sized, non-duplicate, and dictionary-grounded."
terminal,1,noun: 終点・停留所 [high],adjective: 最後の・最終的な [medium],noun: 終端・端末 [medium],medium,AMBIGUOUS_PRIMARY_SENSE,true,true,AUTO_ACCEPT,"Review was caused only by sense volume/ambiguity; primary meanings are non-empty, medium-or-better confidence, naturally sized, non-duplicate, and dictionary-grounded."
tow,1,noun: 牽引・曳航 [high],verb: 引く・牽引する [medium],,medium,AMBIGUOUS_PRIMARY_SENSE,true,true,AUTO_ACCEPT,"Review was caused only by sense volume/ambiguity; primary meanings are non-empty, medium-or-better confidence, naturally sized, non-duplicate, and dictionary-grounded."
transit,1,verb: 通過する・通過 [high],noun: 通過・経緯儀 [medium],,medium,AMBIGUOUS_PRIMARY_SENSE,true,true,AUTO_ACCEPT,"Review was caused only by sense volume/ambiguity; primary meanings are non-empty, medium-or-better confidence, naturally sized, non-duplicate, and dictionary-grounded."
utility,1,noun: ユーティリティー・ユーティリティ [high],noun: 有用・公益法人 [medium],noun: 公共事業・公共サービス [medium],medium,AMBIGUOUS_PRIMARY_SENSE,true,true,AUTO_ACCEPT,"Review was caused only by sense volume/ambiguity; primary meanings are non-empty, medium-or-better confidence, naturally sized, non-duplicate, and dictionary-grounded."
workshop,1,noun: 講習会・研修会 [high],noun: 仕事場・工場 [medium],,medium,AMBIGUOUS_PRIMARY_SENSE,true,true,AUTO_ACCEPT,"Review was caused only by sense volume/ambiguity; primary meanings are non-empty, medium-or-better confidence, naturally sized, non-duplicate, and dictionary-grounded."
aggregate,2,noun: 集団・集合体 [high],noun: 総数・合計 [medium],,medium,AMBIGUOUS_PRIMARY_SENSE|TOO_MANY_SENSES,true,true,AUTO_ACCEPT,"Review was caused only by sense volume/ambiguity; primary meanings are non-empty, medium-or-better confidence, naturally sized, non-duplicate, and dictionary-grounded."
antique,2,noun: 骨董品・アンティーク [high],adjective: 骨董品の・古臭い [medium],,medium,AMBIGUOUS_PRIMARY_SENSE,true,true,AUTO_ACCEPT,"Review was caused only by sense volume/ambiguity; primary meanings are non-empty, medium-or-better confidence, naturally sized, non-duplicate, and dictionary-grounded."
approximate,2,verb: 見積もる・積る [high],verb: 近づく・接近 [high],adjective: およその・概ねの [medium],medium,AMBIGUOUS_PRIMARY_SENSE,true,true,AUTO_ACCEPT,"Review was caused only by sense volume/ambiguity; primary meanings are non-empty, medium-or-better confidence, naturally sized, non-duplicate, and dictionary-grounded."
approximation,2,noun: 近似値・近似 [high],noun: 近似値 [high],noun: 接近・予算 [medium],medium,AMBIGUOUS_PRIMARY_SENSE,true,true,AUTO_ACCEPT,"Review was caused only by sense volume/ambiguity; primary meanings are non-empty, medium-or-better confidence, naturally sized, non-duplicate, and dictionary-grounded."
arc,2,noun: 弧・円弧 [high],noun: アーク・弓 [high],,medium,TOO_MANY_SENSES,true,true,AUTO_ACCEPT,"Review was caused only by sense volume/ambiguity; primary meanings are non-empty, medium-or-better confidence, naturally sized, non-duplicate, and dictionary-grounded."
beam,2,noun: 光線・ビーム [high],noun: 平均台 [high],verb: 微笑む・笑む [high],medium,TOO_MANY_SENSES,true,true,AUTO_ACCEPT,"Review was caused only by sense volume/ambiguity; primary meanings are non-empty, medium-or-better confidence, naturally sized, non-duplicate, and dictionary-grounded."
bound,2,verb: 弾む・バウンドする [high],noun: 弾み・バウンド [high],adjective: 縛られた・束縛された [high],medium,TOO_MANY_SENSES,true,true,AUTO_ACCEPT,"Review was caused only by sense volume/ambiguity; primary meanings are non-empty, medium-or-better confidence, naturally sized, non-duplicate, and dictionary-grounded."
bulk,2,verb: ふくらむ・かさばる [high],noun: かさ・体積 [medium],,medium,AMBIGUOUS_PRIMARY_SENSE|TOO_MANY_SENSES,true,true,AUTO_ACCEPT,"Review was caused only by sense volume/ambiguity; primary meanings are non-empty, medium-or-better confidence, naturally sized, non-duplicate, and dictionary-grounded."
circuit,2,noun: 電気回路・回線 [high],noun: 周遊旅行・周遊 [high],noun: サーキット・周回路 [high],medium,TOO_MANY_SENSES,true,true,AUTO_ACCEPT,"Review was caused only by sense volume/ambiguity; primary meanings are non-empty, medium-or-better confidence, naturally sized, non-duplicate, and dictionary-grounded."
comb,2,noun: 鶏冠 [high],noun: 櫛 [medium],,medium,AMBIGUOUS_PRIMARY_SENSE|TOO_MANY_SENSES,true,true,AUTO_ACCEPT,"Review was caused only by sense volume/ambiguity; primary meanings are non-empty, medium-or-better confidence, naturally sized, non-duplicate, and dictionary-grounded."
complement,2,noun: 補体 [high],verb: 完全にする・補完 [high],noun: 補足・総勢 [medium],medium,AMBIGUOUS_PRIMARY_SENSE|TOO_MANY_SENSES,true,true,AUTO_ACCEPT,"Review was caused only by sense volume/ambiguity; primary meanings are non-empty, medium-or-better confidence, naturally sized, non-duplicate, and dictionary-grounded."
compliment,2,verb: 褒める・賞賛する [high],noun: 褒め言葉・表敬 [medium],,medium,AMBIGUOUS_PRIMARY_SENSE,true,true,AUTO_ACCEPT,"Review was caused only by sense volume/ambiguity; primary meanings are non-empty, medium-or-better confidence, naturally sized, non-duplicate, and dictionary-grounded."
consonant,2,noun: 子音・父音 [high],noun: 子音 [high],adjective: 一致する・一致した [medium],medium,AMBIGUOUS_PRIMARY_SENSE,true,true,AUTO_ACCEPT,"Review was caused only by sense volume/ambiguity; primary meanings are non-empty, medium-or-better confidence, naturally sized, non-duplicate, and dictionary-grounded."
convergence,2,noun: 収束・収斂 [high],noun: 集合・集中 [medium],,medium,AMBIGUOUS_PRIMARY_SENSE,true,true,AUTO_ACCEPT,"Review was caused only by sense volume/ambiguity; primary meanings are non-empty, medium-or-better confidence, naturally sized, non-duplicate, and dictionary-grounded."
cord,2,noun: コード [high],noun: 紐・吊紐 [medium],,medium,AMBIGUOUS_PRIMARY_SENSE,true,true,AUTO_ACCEPT,"Review was caused only by sense volume/ambiguity; primary meanings are non-empty, medium-or-better confidence, naturally sized, non-duplicate, and dictionary-grounded."
counselor,2,noun: 専門的見地から助言を与える人・顧問 [high],noun: キャンプの指導教官・キャンプ指導員 [medium],,medium,AMBIGUOUS_PRIMARY_SENSE,true,true,AUTO_ACCEPT,"Review was caused only by sense volume/ambiguity; primary meanings are non-empty, medium-or-better confidence, naturally sized, non-duplicate, and dictionary-grounded."
crane,2,noun: クレーン・起重機 [high],noun: 鶴・ツル [medium],,medium,AMBIGUOUS_PRIMARY_SENSE,true,true,AUTO_ACCEPT,"Review was caused only by sense volume/ambiguity; primary meanings are non-empty, medium-or-better confidence, naturally sized, non-duplicate, and dictionary-grounded."
delicate,2,adjective: 壊れやすい・弱い [high],adjective: 繊細な・繊細 [high],,medium,TOO_MANY_SENSES,true,true,AUTO_ACCEPT,"Review was caused only by sense volume/ambiguity; primary meanings are non-empty, medium-or-better confidence, naturally sized, non-duplicate, and dictionary-grounded."
derivative,2,adjective: 派生的な・派生的 [high],noun: 派生語 [high],noun: 派生商品・デリバティブ [high],medium,TOO_MANY_SENSES,true,true,AUTO_ACCEPT,"Review was caused only by sense volume/ambiguity; primary meanings are non-empty, medium-or-better confidence, naturally sized, non-duplicate, and dictionary-grounded."
diamond,2,noun: ダイヤモンド・金剛石 [high],noun: ダイアモンドの指輪・球場 [high],noun: 菱形・斜方形 [high],medium,TOO_MANY_SENSES,true,true,AUTO_ACCEPT,"Review was caused only by sense volume/ambiguity; primary meanings are non-empty, medium-or-better confidence, naturally sized, non-duplicate, and dictionary-grounded."
disconnect,2,verb: 電源を切る・切る [high],verb: 分離する・接続を断つ [medium],,medium,AMBIGUOUS_PRIMARY_SENSE,true,true,AUTO_ACCEPT,"Review was caused only by sense volume/ambiguity; primary meanings are non-empty, medium-or-better confidence, naturally sized, non-duplicate, and dictionary-grounded."
discourse,2,verb: 会話する・話す [high],noun: 言語表現・談義 [medium],,medium,AMBIGUOUS_PRIMARY_SENSE,true,true,AUTO_ACCEPT,"Review was caused only by sense volume/ambiguity; primary meanings are non-empty, medium-or-better confidence, naturally sized, non-duplicate, and dictionary-grounded."
disturbance,2,noun: 妨害・妨げ [high],noun: 騒ぎ・騒乱 [medium],,medium,AMBIGUOUS_PRIMARY_SENSE,true,true,AUTO_ACCEPT,"Review was caused only by sense volume/ambiguity; primary meanings are non-empty, medium-or-better confidence, naturally sized, non-duplicate, and dictionary-grounded."
dive,2,verb: 飛び込む・飛込む [high],noun: 急降下 [high],noun: 飛び込み・飛込 [medium],medium,AMBIGUOUS_PRIMARY_SENSE|TOO_MANY_SENSES,true,true,AUTO_ACCEPT,"Review was caused only by sense volume/ambiguity; primary meanings are non-empty, medium-or-better confidence, naturally sized, non-duplicate, and dictionary-grounded."
dull,2,adjective: 刃物が鈍い・切れ味の悪い [high],adjective: 感覚が鈍い・鈍感な [high],adjective: 退屈な・つまらない [high],medium,TOO_MANY_SENSES,true,true,AUTO_ACCEPT,"Review was caused only by sense volume/ambiguity; primary meanings are non-empty, medium-or-better confidence, naturally sized, non-duplicate, and dictionary-grounded."
equality,2,noun: 匹敵・一律 [high],noun: 同等・同一 [medium],,medium,AMBIGUOUS_PRIMARY_SENSE,true,true,AUTO_ACCEPT,"Review was caused only by sense volume/ambiguity; primary meanings are non-empty, medium-or-better confidence, naturally sized, non-duplicate, and dictionary-grounded."
fiber,2,noun: 繊維・衣料繊維 [high],noun: 生地・人品 [medium],,medium,AMBIGUOUS_PRIMARY_SENSE,true,true,AUTO_ACCEPT,"Review was caused only by sense volume/ambiguity; primary meanings are non-empty, medium-or-better confidence, naturally sized, non-duplicate, and dictionary-grounded."
fleet,2,noun: 艦隊 [high],adjective: 速い・神速 [high],noun: 全車両・全船舶 [medium],medium,AMBIGUOUS_PRIMARY_SENSE|TOO_MANY_SENSES,true,true,AUTO_ACCEPT,"Review was caused only by sense volume/ambiguity; primary meanings are non-empty, medium-or-better confidence, naturally sized, non-duplicate, and dictionary-grounded."
fog,2,noun: 混迷・当惑 [high],noun: 霧・靄 [medium],,medium,AMBIGUOUS_PRIMARY_SENSE,true,true,AUTO_ACCEPT,"Review was caused only by sense volume/ambiguity; primary meanings are non-empty, medium-or-better confidence, naturally sized, non-duplicate, and dictionary-grounded."
fork,2,noun: フォーク・ホーク [high],noun: 分岐点・分岐 [high],verb: 分岐する・分岐 [high],medium,TOO_MANY_SENSES,true,true,AUTO_ACCEPT,"Review was caused only by sense volume/ambiguity; primary meanings are non-empty, medium-or-better confidence, naturally sized, non-duplicate, and dictionary-grounded."
founder,2,verb: 失敗する・失敗 [high],verb: 沈没する・沈没 [high],noun: 創設者・設立者 [medium],medium,AMBIGUOUS_PRIMARY_SENSE,true,true,AUTO_ACCEPT,"Review was caused only by sense volume/ambiguity; primary meanings are non-empty, medium-or-better confidence, naturally sized, non-duplicate, and dictionary-grounded."
fry,2,noun: フライドポテト・フライ [high],verb: 炒る・煎る [medium],,medium,AMBIGUOUS_PRIMARY_SENSE|TOO_MANY_SENSES,true,true,AUTO_ACCEPT,"Review was caused only by sense volume/ambiguity; primary meanings are non-empty, medium-or-better confidence, naturally sized, non-duplicate, and dictionary-grounded."
generator,2,noun: ジェネレータ・ジェネレーター [high],noun: 生み出す人・物 [medium],,medium,AMBIGUOUS_PRIMARY_SENSE,true,true,AUTO_ACCEPT,"Review was caused only by sense volume/ambiguity; primary meanings are non-empty, medium-or-better confidence, naturally sized, non-duplicate, and dictionary-grounded."
gossip,2,noun: 噂話・陰口 [high],noun: 世間話・雑談 [high],noun: 噂好きな人・金棒引き [medium],medium,AMBIGUOUS_PRIMARY_SENSE,true,true,AUTO_ACCEPT,"Review was caused only by sense volume/ambiguity; primary meanings are non-empty, medium-or-better confidence, naturally sized, non-duplicate, and dictionary-grounded."
graphics,2,noun: グラフィックス・グラフィクス [high],noun: 製図法・図版 [medium],,medium,AMBIGUOUS_PRIMARY_SENSE,true,true,AUTO_ACCEPT,"Review was caused only by sense volume/ambiguity; primary meanings are non-empty, medium-or-better confidence, naturally sized, non-duplicate, and dictionary-grounded."
immune,2,adjective: 影響されない [high],adjective: 免疫の・免疫性 [medium],,medium,AMBIGUOUS_PRIMARY_SENSE,true,true,AUTO_ACCEPT,"Review was caused only by sense volume/ambiguity; primary meanings are non-empty, medium-or-better confidence, naturally sized, non-duplicate, and dictionary-grounded."
inclusion,2,noun: 含有・包含 [high],noun: 参加・加入 [medium],,medium,AMBIGUOUS_PRIMARY_SENSE,true,true,AUTO_ACCEPT,"Review was caused only by sense volume/ambiguity; primary meanings are non-empty, medium-or-better confidence, naturally sized, non-duplicate, and dictionary-grounded."
induce,2,verb: 誘発する・出産を促す [high],verb: 帰納する・帰納 [high],verb: 産む・齎す [medium],medium,AMBIGUOUS_PRIMARY_SENSE,true,true,AUTO_ACCEPT,"Review was caused only by sense volume/ambiguity; primary meanings are non-empty, medium-or-better confidence, naturally sized, non-duplicate, and dictionary-grounded."
infinite,2,adjective: 果てしない・無限 [high],adjective: 無限大の・宏大無辺 [medium],,medium,AMBIGUOUS_PRIMARY_SENSE,true,true,AUTO_ACCEPT,"Review was caused only by sense volume/ambiguity; primary meanings are non-empty, medium-or-better confidence, naturally sized, non-duplicate, and dictionary-grounded."
initiate,2,verb: 始める・開始する [high],noun: 新加入者・新参者 [medium],,medium,AMBIGUOUS_PRIMARY_SENSE,true,true,AUTO_ACCEPT,"Review was caused only by sense volume/ambiguity; primary meanings are non-empty, medium-or-better confidence, naturally sized, non-duplicate, and dictionary-grounded."
insert,2,noun: 挿入物・挿入 [high],verb: 差し込む・挿入する [medium],,medium,AMBIGUOUS_PRIMARY_SENSE,true,true,AUTO_ACCEPT,"Review was caused only by sense volume/ambiguity; primary meanings are non-empty, medium-or-better confidence, naturally sized, non-duplicate, and dictionary-grounded."
junior,2,noun: 年下の者・年下 [high],adjective: 下位の・下級の [medium],,medium,AMBIGUOUS_PRIMARY_SENSE,true,true,AUTO_ACCEPT,"Review was caused only by sense volume/ambiguity; primary meanings are non-empty, medium-or-better confidence, naturally sized, non-duplicate, and dictionary-grounded."
loop,2,noun: ループ・繰り返し [high],noun: ループ [high],noun: 蹄状紋 [high],medium,TOO_MANY_SENSES,true,true,AUTO_ACCEPT,"Review was caused only by sense volume/ambiguity; primary meanings are non-empty, medium-or-better confidence, naturally sized, non-duplicate, and dictionary-grounded."
magnitude,2,noun: 規模・大いさ [high],noun: 大きさ・桁 [medium],noun: 重要度・重要性 [medium],medium,AMBIGUOUS_PRIMARY_SENSE,true,true,AUTO_ACCEPT,"Review was caused only by sense volume/ambiguity; primary meanings are non-empty, medium-or-better confidence, naturally sized, non-duplicate, and dictionary-grounded."
merit,2,verb: 値する・価する [high],noun: 功・功績 [medium],,medium,AMBIGUOUS_PRIMARY_SENSE,true,true,AUTO_ACCEPT,"Review was caused only by sense volume/ambiguity; primary meanings are non-empty, medium-or-better confidence, naturally sized, non-duplicate, and dictionary-grounded."
neat,2,adjective: 生の・ストレート [high],adjective: 品の良い・好い [high],adjective: 整った・小ぎれい [medium],medium,AMBIGUOUS_PRIMARY_SENSE,true,true,AUTO_ACCEPT,"Review was caused only by sense volume/ambiguity; primary meanings are non-empty, medium-or-better confidence, naturally sized, non-duplicate, and dictionary-grounded."
node,2,noun: 葉節点 [high],noun: ノード・ゲスト [high],noun: 瘤・膨れ [medium],medium,AMBIGUOUS_PRIMARY_SENSE,true,true,AUTO_ACCEPT,"Review was caused only by sense volume/ambiguity; primary meanings are non-empty, medium-or-better confidence, naturally sized, non-duplicate, and dictionary-grounded."
nucleus,2,noun: 原子核・核 [high],noun: 細胞核・核 [high],noun: 核・核心 [medium],medium,AMBIGUOUS_PRIMARY_SENSE,true,true,AUTO_ACCEPT,"Review was caused only by sense volume/ambiguity; primary meanings are non-empty, medium-or-better confidence, naturally sized, non-duplicate, and dictionary-grounded."
outlook,2,noun: 見張り台・見張り [high],noun: 見晴らし・眺め [medium],,medium,AMBIGUOUS_PRIMARY_SENSE,true,true,AUTO_ACCEPT,"Review was caused only by sense volume/ambiguity; primary meanings are non-empty, medium-or-better confidence, naturally sized, non-duplicate, and dictionary-grounded."
overlap,2,noun: 重なり・重複 [high],verb: 部分的に重ねる・重ね合わせる [medium],,medium,AMBIGUOUS_PRIMARY_SENSE,true,true,AUTO_ACCEPT,"Review was caused only by sense volume/ambiguity; primary meanings are non-empty, medium-or-better confidence, naturally sized, non-duplicate, and dictionary-grounded."
pan,2,noun: 浅手の片手鍋・平鍋 [high],verb: 水平方向に回し撮影する・パンする [high],,medium,TOO_MANY_SENSES,true,true,AUTO_ACCEPT,"Review was caused only by sense volume/ambiguity; primary meanings are non-empty, medium-or-better confidence, naturally sized, non-duplicate, and dictionary-grounded."
par,2,noun: 標準・基準 [high],noun: 同一・同値 [medium],,medium,AMBIGUOUS_PRIMARY_SENSE|TOO_MANY_SENSES,true,true,AUTO_ACCEPT,"Review was caused only by sense volume/ambiguity; primary meanings are non-empty, medium-or-better confidence, naturally sized, non-duplicate, and dictionary-grounded."
particle,2,noun: 粒子・素粒子 [high],noun: 小詞・不変化詞 [high],noun: かけら・小粒 [medium],medium,AMBIGUOUS_PRIMARY_SENSE,true,true,AUTO_ACCEPT,"Review was caused only by sense volume/ambiguity; primary meanings are non-empty, medium-or-better confidence, naturally sized, non-duplicate, and dictionary-grounded."
petition,2,noun: 請願書・陳情書 [high],noun: 請願・心願 [medium],,medium,AMBIGUOUS_PRIMARY_SENSE,true,true,AUTO_ACCEPT,"Review was caused only by sense volume/ambiguity; primary meanings are non-empty, medium-or-better confidence, naturally sized, non-duplicate, and dictionary-grounded."
railway,2,noun: 鉄道・鉄道会社 [high],noun: 鉄道路線・線路 [medium],,medium,AMBIGUOUS_PRIMARY_SENSE,true,true,AUTO_ACCEPT,"Review was caused only by sense volume/ambiguity; primary meanings are non-empty, medium-or-better confidence, naturally sized, non-duplicate, and dictionary-grounded."
ray,2,noun: 光線・光束 [high],verb: 発する・照射 [medium],,medium,AMBIGUOUS_PRIMARY_SENSE|TOO_MANY_SENSES,true,true,AUTO_ACCEPT,"Review was caused only by sense volume/ambiguity; primary meanings are non-empty, medium-or-better confidence, naturally sized, non-duplicate, and dictionary-grounded."
reflexive,2,noun: 再帰代名詞・再帰動詞 [high],adjective: 反射の・反射的 [medium],,medium,AMBIGUOUS_PRIMARY_SENSE,true,true,AUTO_ACCEPT,"Review was caused only by sense volume/ambiguity; primary meanings are non-empty, medium-or-better confidence, naturally sized, non-duplicate, and dictionary-grounded."
regression,2,noun: 退行 [high],noun: 回帰・平均への回帰 [high],noun: 後退・逆戻り [medium],medium,AMBIGUOUS_PRIMARY_SENSE,true,true,AUTO_ACCEPT,"Review was caused only by sense volume/ambiguity; primary meanings are non-empty, medium-or-better confidence, naturally sized, non-duplicate, and dictionary-grounded."
relaxation,2,noun: 軽減・緩み [high],noun: 緩和・緩和法 [high],noun: 休み・休息 [medium],medium,AMBIGUOUS_PRIMARY_SENSE,true,true,AUTO_ACCEPT,"Review was caused only by sense volume/ambiguity; primary meanings are non-empty, medium-or-better confidence, naturally sized, non-duplicate, and dictionary-grounded."
relieve,2,verb: 軽減する・軽減 [high],verb: 解放する・解放 [high],,medium,TOO_MANY_SENSES,true,true,AUTO_ACCEPT,"Review was caused only by sense volume/ambiguity; primary meanings are non-empty, medium-or-better confidence, naturally sized, non-duplicate, and dictionary-grounded."
retreat,2,noun: 退却・後退 [high],,,medium,TOO_MANY_SENSES,true,true,AUTO_ACCEPT,"Review was caused only by sense volume/ambiguity; primary meanings are non-empty, medium-or-better confidence, naturally sized, non-duplicate, and dictionary-grounded."
retrieve,2,verb: 取り戻す・取戻す [high],,,medium,TOO_MANY_SENSES,true,true,AUTO_ACCEPT,"Review was caused only by sense volume/ambiguity; primary meanings are non-empty, medium-or-better confidence, naturally sized, non-duplicate, and dictionary-grounded."
rubber,2,noun: ゴム・生ゴム [high],,,medium,TOO_MANY_SENSES,true,true,AUTO_ACCEPT,"Review was caused only by sense volume/ambiguity; primary meanings are non-empty, medium-or-better confidence, naturally sized, non-duplicate, and dictionary-grounded."
skate,2,noun: スケート靴・スケート [high],verb: スケートをする・滑る [high],noun: ガンギエイ [high],medium,TOO_MANY_SENSES,true,true,AUTO_ACCEPT,"Review was caused only by sense volume/ambiguity; primary meanings are non-empty, medium-or-better confidence, naturally sized, non-duplicate, and dictionary-grounded."
soar,2,noun: 上昇・飛翔 [high],verb: 舞い上がる・昇る [medium],,medium,AMBIGUOUS_PRIMARY_SENSE,true,true,AUTO_ACCEPT,"Review was caused only by sense volume/ambiguity; primary meanings are non-empty, medium-or-better confidence, naturally sized, non-duplicate, and dictionary-grounded."
spill,2,verb: 流す・殺傷する [high],verb: 漏らす・零す [high],verb: こぼす・ばら撒く [medium],medium,AMBIGUOUS_PRIMARY_SENSE|TOO_MANY_SENSES,true,true,AUTO_ACCEPT,"Review was caused only by sense volume/ambiguity; primary meanings are non-empty, medium-or-better confidence, naturally sized, non-duplicate, and dictionary-grounded."
spray,2,noun: 噴霧器・スプレー [high],verb: 噴霧する・吹き付ける [high],noun: 小枝 [high],medium,TOO_MANY_SENSES,true,true,AUTO_ACCEPT,"Review was caused only by sense volume/ambiguity; primary meanings are non-empty, medium-or-better confidence, naturally sized, non-duplicate, and dictionary-grounded."
toll,2,noun: 犠牲・損失 [high],noun: 通行料・使用料 [medium],,medium,AMBIGUOUS_PRIMARY_SENSE|TOO_MANY_SENSES,true,true,AUTO_ACCEPT,"Review was caused only by sense volume/ambiguity; primary meanings are non-empty, medium-or-better confidence, naturally sized, non-duplicate, and dictionary-grounded."
vacate,2,verb: 退く・辞する [high],verb: 空ける・空にする [medium],,medium,AMBIGUOUS_PRIMARY_SENSE,true,true,AUTO_ACCEPT,"Review was caused only by sense volume/ambiguity; primary meanings are non-empty, medium-or-better confidence, naturally sized, non-duplicate, and dictionary-grounded."
virtue,2,noun: 純潔・節操 [high],noun: 効力・佳処 [medium],noun: 美徳・善心 [medium],medium,AMBIGUOUS_PRIMARY_SENSE,true,true,AUTO_ACCEPT,"Review was caused only by sense volume/ambiguity; primary meanings are non-empty, medium-or-better confidence, naturally sized, non-duplicate, and dictionary-grounded."
ward,2,noun: 病室・病棟 [high],verb: 守る・保護する [high],noun: 保護・監督 [medium],medium,AMBIGUOUS_PRIMARY_SENSE|TOO_MANY_SENSES,true,true,AUTO_ACCEPT,"Review was caused only by sense volume/ambiguity; primary meanings are non-empty, medium-or-better confidence, naturally sized, non-duplicate, and dictionary-grounded."
able,3,adjective: 可能 [high],adjective: 優秀・有能 [medium],adjective: 敏腕・有能 [medium],medium,AMBIGUOUS_PRIMARY_SENSE,true,true,AUTO_ACCEPT,"Review was caused only by sense volume/ambiguity; primary meanings are non-empty, medium-or-better confidence, naturally sized, non-duplicate, and dictionary-grounded."
above,3,adverb: 上に・上位に [high],noun: 上記 [high],,medium,TOO_MANY_SENSES,true,true,AUTO_ACCEPT,"Review was caused only by sense volume/ambiguity; primary meanings are non-empty, medium-or-better confidence, naturally sized, non-duplicate, and dictionary-grounded."
account,3,noun: 説明・解説 [high],noun: 報告・報道 [high],noun: 勘定・愛想 [high],medium,TOO_MANY_SENSES,true,true,AUTO_ACCEPT,"Review was caused only by sense volume/ambiguity; primary meanings are non-empty, medium-or-better confidence, naturally sized, non-duplicate, and dictionary-grounded."
action,3,noun: 行動・活動 [high],noun: 活気・行動力 [high],noun: 影響・作用 [high],medium,TOO_MANY_SENSES,true,true,AUTO_ACCEPT,"Review was caused only by sense volume/ambiguity; primary meanings are non-empty, medium-or-better confidence, naturally sized, non-duplicate, and dictionary-grounded."
add,3,verb: 加える・足す [high],verb: 言い足す・付足す [medium],,medium,AMBIGUOUS_PRIMARY_SENSE,true,true,AUTO_ACCEPT,"Review was caused only by sense volume/ambiguity; primary meanings are non-empty, medium-or-better confidence, naturally sized, non-duplicate, and dictionary-grounded."
age,3,noun: 年代・年歯 [high],noun: 年齢・年令 [medium],verb: 年を取る・老いる [medium],medium,AMBIGUOUS_PRIMARY_SENSE,true,true,AUTO_ACCEPT,"Review was caused only by sense volume/ambiguity; primary meanings are non-empty, medium-or-better confidence, naturally sized, non-duplicate, and dictionary-grounded."
alien,3,noun: 異星人・宇宙人 [high],adjective: 相容れない・異質 [high],noun: 異邦人・唐人 [medium],medium,AMBIGUOUS_PRIMARY_SENSE,true,true,AUTO_ACCEPT,"Review was caused only by sense volume/ambiguity; primary meanings are non-empty, medium-or-better confidence, naturally sized, non-duplicate, and dictionary-grounded."
allow,3,verb: 許す・可能にする [high],verb: 見込む・鑑みる [high],,medium,TOO_MANY_SENSES,true,true,AUTO_ACCEPT,"Review was caused only by sense volume/ambiguity; primary meanings are non-empty, medium-or-better confidence, naturally sized, non-duplicate, and dictionary-grounded."
answer,3,verb: 答える・返事をする [high],verb: 答える [high],noun: 解答・受答 [medium],medium,AMBIGUOUS_PRIMARY_SENSE|TOO_MANY_SENSES,true,true,AUTO_ACCEPT,"Review was caused only by sense volume/ambiguity; primary meanings are non-empty, medium-or-better confidence, naturally sized, non-duplicate, and dictionary-grounded."
approach,3,verb: 近づく・近よる [high],noun: 接近・近接 [high],noun: 接近 [high],medium,TOO_MANY_SENSES,true,true,AUTO_ACCEPT,"Review was caused only by sense volume/ambiguity; primary meanings are non-empty, medium-or-better confidence, naturally sized, non-duplicate, and dictionary-grounded."
articulate,3,verb: 明確に表現する・現す [high],adjective: 明確な・明瞭な [medium],,medium,AMBIGUOUS_PRIMARY_SENSE,true,true,AUTO_ACCEPT,"Review was caused only by sense volume/ambiguity; primary meanings are non-empty, medium-or-better confidence, naturally sized, non-duplicate, and dictionary-grounded."
away,3,adverb: 去って・離れて [high],adverb: 離れて [high],adverb: 休まず・せっせと [high],medium,TOO_MANY_SENSES,true,true,AUTO_ACCEPT,"Review was caused only by sense volume/ambiguity; primary meanings are non-empty, medium-or-better confidence, naturally sized, non-duplicate, and dictionary-grounded."
back,3,noun: 背・後ろ [high],noun: 背骨・脊柱 [high],verb: 後退させる・バックさせる [high],medium,TOO_MANY_SENSES,true,true,AUTO_ACCEPT,"Review was caused only by sense volume/ambiguity; primary meanings are non-empty, medium-or-better confidence, naturally sized, non-duplicate, and dictionary-grounded."
bad,3,adjective: 悪い・良からぬ [high],adjective: 悪い [high],adverb: ひどく・とても [high],medium,TOO_MANY_SENSES,true,true,AUTO_ACCEPT,"Review was caused only by sense volume/ambiguity; primary meanings are non-empty, medium-or-better confidence, naturally sized, non-duplicate, and dictionary-grounded."
barrel,3,noun: バレル [high],noun: 銃身・砲身 [high],noun: 樽・菰被 [medium],medium,AMBIGUOUS_PRIMARY_SENSE,true,true,AUTO_ACCEPT,"Review was caused only by sense volume/ambiguity; primary meanings are non-empty, medium-or-better confidence, naturally sized, non-duplicate, and dictionary-grounded."
base,3,noun: 基・土台 [high],noun: 基地・軍事基地 [high],adjective: 品性が卑しい・低い [high],medium,TOO_MANY_SENSES,true,true,AUTO_ACCEPT,"Review was caused only by sense volume/ambiguity; primary meanings are non-empty, medium-or-better confidence, naturally sized, non-duplicate, and dictionary-grounded."
basin,3,noun: 盆地 [high],noun: 鉢・たらい [medium],,medium,AMBIGUOUS_PRIMARY_SENSE,true,true,AUTO_ACCEPT,"Review was caused only by sense volume/ambiguity; primary meanings are non-empty, medium-or-better confidence, naturally sized, non-duplicate, and dictionary-grounded."
bat,3,noun: 蝙蝠・蚊食鳥 [high],noun: バット・棍棒 [high],verb: 破る・大破 [medium],medium,AMBIGUOUS_PRIMARY_SENSE|TOO_MANY_SENSES,true,true,AUTO_ACCEPT,"Review was caused only by sense volume/ambiguity; primary meanings are non-empty, medium-or-better confidence, naturally sized, non-duplicate, and dictionary-grounded."
bear,3,verb: 運ぶ・持つ [high],verb: 生む・生す [high],verb: 咲かせる・付ける [high],medium,TOO_MANY_SENSES,true,true,AUTO_ACCEPT,"Review was caused only by sense volume/ambiguity; primary meanings are non-empty, medium-or-better confidence, naturally sized, non-duplicate, and dictionary-grounded."
believe,3,verb: 信じる・信ずる [high],verb: 信じる [high],verb: 思う・惟う [medium],medium,AMBIGUOUS_PRIMARY_SENSE,true,true,AUTO_ACCEPT,"Review was caused only by sense volume/ambiguity; primary meanings are non-empty, medium-or-better confidence, naturally sized, non-duplicate, and dictionary-grounded."
big,3,adjective: 大きい・意義深い [high],,,medium,TOO_MANY_SENSES,true,true,AUTO_ACCEPT,"Review was caused only by sense volume/ambiguity; primary meanings are non-empty, medium-or-better confidence, naturally sized, non-duplicate, and dictionary-grounded."
binary,3,noun: 連星・二重星 [high],,,medium,TOO_MANY_SENSES,true,true,AUTO_ACCEPT,"Review was caused only by sense volume/ambiguity; primary meanings are non-empty, medium-or-better confidence, naturally sized, non-duplicate, and dictionary-grounded."
bit,3,noun: 少し・少々 [high],,,medium,TOO_MANY_SENSES,true,true,AUTO_ACCEPT,"Review was caused only by sense volume/ambiguity; primary meanings are non-empty, medium-or-better confidence, naturally sized, non-duplicate, and dictionary-grounded."
black,3,noun: 黒・黒色 [high],noun: 黒人・黒奴 [high],adjective: 暗黒・真暗 [high],medium,TOO_MANY_SENSES,true,true,AUTO_ACCEPT,"Review was caused only by sense volume/ambiguity; primary meanings are non-empty, medium-or-better confidence, naturally sized, non-duplicate, and dictionary-grounded."
blank,3,adjective: 空白の・白紙の [high],noun: 空白・空欄 [high],noun: 空砲 [high],medium,TOO_MANY_SENSES,true,true,AUTO_ACCEPT,"Review was caused only by sense volume/ambiguity; primary meanings are non-empty, medium-or-better confidence, naturally sized, non-duplicate, and dictionary-grounded."
body,3,noun: 団体・組織 [high],noun: 物体 [high],noun: 本文・本論 [high],medium,TOO_MANY_SENSES,true,true,AUTO_ACCEPT,"Review was caused only by sense volume/ambiguity; primary meanings are non-empty, medium-or-better confidence, naturally sized, non-duplicate, and dictionary-grounded."
break,3,verb: 壊す・止める [high],verb: 中断する・中断 [high],noun: 中断・中絶 [high],medium,TOO_MANY_SENSES,true,true,AUTO_ACCEPT,"Review was caused only by sense volume/ambiguity; primary meanings are non-empty, medium-or-better confidence, naturally sized, non-duplicate, and dictionary-grounded."
breakdown,3,noun: 故障・ブレイクダウン [high],noun: 精神などの崩壊・崩壊 [high],,medium,TOO_MANY_SENSES,true,true,AUTO_ACCEPT,"Review was caused only by sense volume/ambiguity; primary meanings are non-empty, medium-or-better confidence, naturally sized, non-duplicate, and dictionary-grounded."
bring,3,verb: もたらす [high],verb: 売れる [high],,medium,TOO_MANY_SENSES,true,true,AUTO_ACCEPT,"Review was caused only by sense volume/ambiguity; primary meanings are non-empty, medium-or-better confidence, naturally sized, non-duplicate, and dictionary-grounded."
bucket,3,noun: バケツ・手桶 [high],,,medium,TOO_MANY_SENSES,true,true,AUTO_ACCEPT,"Review was caused only by sense volume/ambiguity; primary meanings are non-empty, medium-or-better confidence, naturally sized, non-duplicate, and dictionary-grounded."
bundle,3,noun: 束・包み [high],noun: 大金・札束 [high],verb: 包む・括る [high],medium,TOO_MANY_SENSES,true,true,AUTO_ACCEPT,"Review was caused only by sense volume/ambiguity; primary meanings are non-empty, medium-or-better confidence, naturally sized, non-duplicate, and dictionary-grounded."
business,3,noun: 事業・家業 [high],noun: ビジネス・事業 [high],noun: 対処を要する問題・問題 [high],medium,TOO_MANY_SENSES,true,true,AUTO_ACCEPT,"Review was caused only by sense volume/ambiguity; primary meanings are non-empty, medium-or-better confidence, naturally sized, non-duplicate, and dictionary-grounded."
call,3,noun: 訪問 [high],noun: 声・叫び [high],verb: 呼び出す・呼ぶ [high],medium,TOO_MANY_SENSES,true,true,AUTO_ACCEPT,"Review was caused only by sense volume/ambiguity; primary meanings are non-empty, medium-or-better confidence, naturally sized, non-duplicate, and dictionary-grounded."
capitalist,3,noun: 資本主義者 [high],noun: 資本家・ブルジョア [high],adjective: 資本主義の・資本主義に関する [medium],medium,AMBIGUOUS_PRIMARY_SENSE,true,true,AUTO_ACCEPT,"Review was caused only by sense volume/ambiguity; primary meanings are non-empty, medium-or-better confidence, naturally sized, non-duplicate, and dictionary-grounded."
car,3,noun: 客車・貨車といった動力を有さない車両 [high],noun: 自動車・乗用車 [medium],,medium,AMBIGUOUS_PRIMARY_SENSE,true,true,AUTO_ACCEPT,"Review was caused only by sense volume/ambiguity; primary meanings are non-empty, medium-or-better confidence, naturally sized, non-duplicate, and dictionary-grounded."
carry,3,verb: 運ぶ・持運ぶ [high],verb: 運ぶ [high],verb: 届く・伝わる [high],medium,TOO_MANY_SENSES,true,true,AUTO_ACCEPT,"Review was caused only by sense volume/ambiguity; primary meanings are non-empty, medium-or-better confidence, naturally sized, non-duplicate, and dictionary-grounded."
case,3,noun: 事件・事例 [high],noun: ケース [high],noun: 陳列棚・ケース [high],medium,TOO_MANY_SENSES,true,true,AUTO_ACCEPT,"Review was caused only by sense volume/ambiguity; primary meanings are non-empty, medium-or-better confidence, naturally sized, non-duplicate, and dictionary-grounded."
center,3,noun: 中心・中央 [high],verb: 集中する・集中 [high],,medium,TOO_MANY_SENSES,true,true,AUTO_ACCEPT,"Review was caused only by sense volume/ambiguity; primary meanings are non-empty, medium-or-better confidence, naturally sized, non-duplicate, and dictionary-grounded."
change,3,verb: 着替える・着換える [high],verb: 乗り換える・換える [high],noun: 変化・両替 [high],medium,TOO_MANY_SENSES,true,true,AUTO_ACCEPT,"Review was caused only by sense volume/ambiguity; primary meanings are non-empty, medium-or-better confidence, naturally sized, non-duplicate, and dictionary-grounded."
charge,3,noun: 突撃・突貫 [high],noun: 充電・荷電 [high],verb: 荷を積む・荷積みする [high],medium,TOO_MANY_SENSES,true,true,AUTO_ACCEPT,"Review was caused only by sense volume/ambiguity; primary meanings are non-empty, medium-or-better confidence, naturally sized, non-duplicate, and dictionary-grounded."
choose,3,verb: 選ぶ・選む [high],verb: 択ぶ・択む [medium],,medium,AMBIGUOUS_PRIMARY_SENSE,true,true,AUTO_ACCEPT,"Review was caused only by sense volume/ambiguity; primary meanings are non-empty, medium-or-better confidence, naturally sized, non-duplicate, and dictionary-grounded."
class,3,noun: 階層・階級 [high],noun: クラス・学級 [high],noun: 授業・授業科目 [high],medium,TOO_MANY_SENSES,true,true,AUTO_ACCEPT,"Review was caused only by sense volume/ambiguity; primary meanings are non-empty, medium-or-better confidence, naturally sized, non-duplicate, and dictionary-grounded."
clear,3,adjective: 綺麗な・すっきりした [high],adjective: はっきりした・鮮明な [high],verb: クリアする・全て取り除く [high],medium,TOO_MANY_SENSES,true,true,AUTO_ACCEPT,"Review was caused only by sense volume/ambiguity; primary meanings are non-empty, medium-or-better confidence, naturally sized, non-duplicate, and dictionary-grounded."
close,3,verb: 締まる・閉じる [high],verb: 引ける・閉じる [high],adjective: 近い・間近い [high],medium,TOO_MANY_SENSES,true,true,AUTO_ACCEPT,"Review was caused only by sense volume/ambiguity; primary meanings are non-empty, medium-or-better confidence, naturally sized, non-duplicate, and dictionary-grounded."
color,3,noun: 色彩・色艶 [high],noun: 色・彩り [medium],,medium,AMBIGUOUS_PRIMARY_SENSE|TOO_MANY_SENSES,true,true,AUTO_ACCEPT,"Review was caused only by sense volume/ambiguity; primary meanings are non-empty, medium-or-better confidence, naturally sized, non-duplicate, and dictionary-grounded."
come,3,verb: 来る・参る [high],verb: 来る [high],verb: なる・達する [high],medium,TOO_MANY_SENSES,true,true,AUTO_ACCEPT,"Review was caused only by sense volume/ambiguity; primary meanings are non-empty, medium-or-better confidence, naturally sized, non-duplicate, and dictionary-grounded."
company,3,noun: 会社・企業 [high],noun: 交際・中隊 [high],noun: 来客・客人 [high],medium,TOO_MANY_SENSES,true,true,AUTO_ACCEPT,"Review was caused only by sense volume/ambiguity; primary meanings are non-empty, medium-or-better confidence, naturally sized, non-duplicate, and dictionary-grounded."
computer,3,noun: 職業として計算する人・計算する人 [high],noun: コンピュータ・電算 [medium],,medium,AMBIGUOUS_PRIMARY_SENSE,true,true,AUTO_ACCEPT,"Review was caused only by sense volume/ambiguity; primary meanings are non-empty, medium-or-better confidence, naturally sized, non-duplicate, and dictionary-grounded."
condition,3,noun: 条件・前提条件 [high],noun: 条件 [high],noun: 状態 [high],medium,TOO_MANY_SENSES,true,true,AUTO_ACCEPT,"Review was caused only by sense volume/ambiguity; primary meanings are non-empty, medium-or-better confidence, naturally sized, non-duplicate, and dictionary-grounded."
confine,3,verb: 限る・制限する [high],verb: 制限する・限定する [medium],,medium,AMBIGUOUS_PRIMARY_SENSE|TOO_MANY_SENSES,true,true,AUTO_ACCEPT,"Review was caused only by sense volume/ambiguity; primary meanings are non-empty, medium-or-better confidence, naturally sized, non-duplicate, and dictionary-grounded."
conserve,3,verb: 保存する・保存 [high],verb: 保護する・切り詰める [medium],,medium,AMBIGUOUS_PRIMARY_SENSE,true,true,AUTO_ACCEPT,"Review was caused only by sense volume/ambiguity; primary meanings are non-empty, medium-or-better confidence, naturally sized, non-duplicate, and dictionary-grounded."
constitution,3,noun: 憲法・国法 [high],noun: 制定・創始 [high],noun: 構造・構成 [medium],medium,AMBIGUOUS_PRIMARY_SENSE,true,true,AUTO_ACCEPT,"Review was caused only by sense volume/ambiguity; primary meanings are non-empty, medium-or-better confidence, naturally sized, non-duplicate, and dictionary-grounded."
control,3,noun: 統制・コントロール [high],verb: 操作する・コントロールする [medium],noun: 影響力・支配力 [medium],medium,AMBIGUOUS_PRIMARY_SENSE|TOO_MANY_SENSES,true,true,AUTO_ACCEPT,"Review was caused only by sense volume/ambiguity; primary meanings are non-empty, medium-or-better confidence, naturally sized, non-duplicate, and dictionary-grounded."
cost,3,noun: 代価・代金 [high],noun: 犠牲・代償 [high],verb: 費用がかかる・懸る [medium],medium,AMBIGUOUS_PRIMARY_SENSE,true,true,AUTO_ACCEPT,"Review was caused only by sense volume/ambiguity; primary meanings are non-empty, medium-or-better confidence, naturally sized, non-duplicate, and dictionary-grounded."
country,3,noun: 国・国家 [high],,,medium,TOO_MANY_SENSES,true,true,AUTO_ACCEPT,"Review was caused only by sense volume/ambiguity; primary meanings are non-empty, medium-or-better confidence, naturally sized, non-duplicate, and dictionary-grounded."
course,3,noun: 進路・コース [high],noun: 方針・遣方 [high],noun: 課程・講座 [high],medium,TOO_MANY_SENSES,true,true,AUTO_ACCEPT,"Review was caused only by sense volume/ambiguity; primary meanings are non-empty, medium-or-better confidence, naturally sized, non-duplicate, and dictionary-grounded."
cover,3,noun: 覆い・カバー [high],noun: 表紙・上紙 [high],verb: 覆う [high],medium,TOO_MANY_SENSES,true,true,AUTO_ACCEPT,"Review was caused only by sense volume/ambiguity; primary meanings are non-empty, medium-or-better confidence, naturally sized, non-duplicate, and dictionary-grounded."
crude,3,noun: 原油・石油 [high],adjective: 天然のままの・粗い [medium],,medium,AMBIGUOUS_PRIMARY_SENSE,true,true,AUTO_ACCEPT,"Review was caused only by sense volume/ambiguity; primary meanings are non-empty, medium-or-better confidence, naturally sized, non-duplicate, and dictionary-grounded."
cut,3,verb: 切断する・伐る [high],verb: 切れる [high],noun: 切断・切傷 [high],medium,TOO_MANY_SENSES,true,true,AUTO_ACCEPT,"Review was caused only by sense volume/ambiguity; primary meanings are non-empty, medium-or-better confidence, naturally sized, non-duplicate, and dictionary-grounded."
damp,3,noun: 湿気・水気 [high],adjective: 湿った・湿っぽい [medium],,medium,AMBIGUOUS_PRIMARY_SENSE|TOO_MANY_SENSES,true,true,AUTO_ACCEPT,"Review was caused only by sense volume/ambiguity; primary meanings are non-empty, medium-or-better confidence, naturally sized, non-duplicate, and dictionary-grounded."
date,3,noun: 日付・日づけ [high],noun: デート・デート相手 [high],verb: デートする・デート [high],medium,TOO_MANY_SENSES,true,true,AUTO_ACCEPT,"Review was caused only by sense volume/ambiguity; primary meanings are non-empty, medium-or-better confidence, naturally sized, non-duplicate, and dictionary-grounded."
day,3,noun: 昼・昼間 [high],noun: 一日・太陽日 [high],,medium,TOO_MANY_SENSES,true,true,AUTO_ACCEPT,"Review was caused only by sense volume/ambiguity; primary meanings are non-empty, medium-or-better confidence, naturally sized, non-duplicate, and dictionary-grounded."
deal,3,noun: 取引・商賈 [high],verb: 分配する・扱う [medium],noun: 契約・万斛 [medium],medium,AMBIGUOUS_PRIMARY_SENSE|TOO_MANY_SENSES,true,true,AUTO_ACCEPT,"Review was caused only by sense volume/ambiguity; primary meanings are non-empty, medium-or-better confidence, naturally sized, non-duplicate, and dictionary-grounded."
detail,3,noun: ディテール・細部の描写 [high],verb: 列挙する・詳細に列挙する [medium],,medium,AMBIGUOUS_PRIMARY_SENSE|TOO_MANY_SENSES,true,true,AUTO_ACCEPT,"Review was caused only by sense volume/ambiguity; primary meanings are non-empty, medium-or-better confidence, naturally sized, non-duplicate, and dictionary-grounded."
develop,3,verb: 開発 [high],verb: 成長させる・発育させる [high],verb: 発達させる・発展させる [high],medium,TOO_MANY_SENSES,true,true,AUTO_ACCEPT,"Review was caused only by sense volume/ambiguity; primary meanings are non-empty, medium-or-better confidence, naturally sized, non-duplicate, and dictionary-grounded."
dictate,3,noun: 命令・指令 [high],verb: 口述する・書き取らせる [high],verb: 命令する・指令する [medium],medium,AMBIGUOUS_PRIMARY_SENSE,true,true,AUTO_ACCEPT,"Review was caused only by sense volume/ambiguity; primary meanings are non-empty, medium-or-better confidence, naturally sized, non-duplicate, and dictionary-grounded."
die,3,verb: 死ぬ・枯れる [high],verb: 壊れる・打壊れる [high],noun: 金型・ダイス型 [high],medium,TOO_MANY_SENSES,true,true,AUTO_ACCEPT,"Review was caused only by sense volume/ambiguity; primary meanings are non-empty, medium-or-better confidence, naturally sized, non-duplicate, and dictionary-grounded."
difference,3,noun: 異なる点や性質・差異 [high],noun: 逸脱 [medium],noun: 争議・喰違 [medium],medium,AMBIGUOUS_PRIMARY_SENSE,true,true,AUTO_ACCEPT,"Review was caused only by sense volume/ambiguity; primary meanings are non-empty, medium-or-better confidence, naturally sized, non-duplicate, and dictionary-grounded."
discharge,3,verb: 免じる・免除 [high],verb: 果たす・全う [high],noun: 放出 [high],medium,TOO_MANY_SENSES,true,true,AUTO_ACCEPT,"Review was caused only by sense volume/ambiguity; primary meanings are non-empty, medium-or-better confidence, naturally sized, non-duplicate, and dictionary-grounded."
dissolve,3,verb: 解散する・解散 [high],verb: 溶かす・溶く [high],noun: ディゾルブ・ディゾルヴ [high],medium,TOO_MANY_SENSES,true,true,AUTO_ACCEPT,"Review was caused only by sense volume/ambiguity; primary meanings are non-empty, medium-or-better confidence, naturally sized, non-duplicate, and dictionary-grounded."
do,3,verb: する・服する [high],verb: 振る舞う・振舞う [medium],,medium,AMBIGUOUS_PRIMARY_SENSE|TOO_MANY_SENSES,true,true,AUTO_ACCEPT,"Review was caused only by sense volume/ambiguity; primary meanings are non-empty, medium-or-better confidence, naturally sized, non-duplicate, and dictionary-grounded."
down,3,adverb: 南へ・地方へ [high],noun: ダウン [high],adverb: 下へ・下って [medium],medium,AMBIGUOUS_PRIMARY_SENSE|TOO_MANY_SENSES,true,true,AUTO_ACCEPT,"Review was caused only by sense volume/ambiguity; primary meanings are non-empty, medium-or-better confidence, naturally sized, non-duplicate, and dictionary-grounded."
draw,3,noun: 引き分け・引分け [high],verb: 引っぱる・引く [high],verb: 汲む・汲上げる [high],medium,TOO_MANY_SENSES,true,true,AUTO_ACCEPT,"Review was caused only by sense volume/ambiguity; primary meanings are non-empty, medium-or-better confidence, naturally sized, non-duplicate, and dictionary-grounded."
drift,3,noun: 偏流・浮流 [high],noun: 趣旨・主旨 [high],verb: 漂う・浮流 [high],medium,TOO_MANY_SENSES,true,true,AUTO_ACCEPT,"Review was caused only by sense volume/ambiguity; primary meanings are non-empty, medium-or-better confidence, naturally sized, non-duplicate, and dictionary-grounded."
drive,3,verb: 運転する・運転 [high],noun: ドライブ・ドライヴ [high],,medium,TOO_MANY_SENSES,true,true,AUTO_ACCEPT,"Review was caused only by sense volume/ambiguity; primary meanings are non-empty, medium-or-better confidence, naturally sized, non-duplicate, and dictionary-grounded."
early,3,adjective: 早い・早め [high],adjective: 早い [high],adjective: 時間の位置が前の・古い [medium],medium,AMBIGUOUS_PRIMARY_SENSE,true,true,AUTO_ACCEPT,"Review was caused only by sense volume/ambiguity; primary meanings are non-empty, medium-or-better confidence, naturally sized, non-duplicate, and dictionary-grounded."
easy,3,adjective: 容易な・容易 [high],,,medium,TOO_MANY_SENSES,true,true,AUTO_ACCEPT,"Review was caused only by sense volume/ambiguity; primary meanings are non-empty, medium-or-better confidence, naturally sized, non-duplicate, and dictionary-grounded."
eat,3,verb: 穴を開ける・腐蝕させる [high],verb: 消費する・使う [high],verb: 召す・喰う [medium],medium,AMBIGUOUS_PRIMARY_SENSE|TOO_MANY_SENSES,true,true,AUTO_ACCEPT,"Review was caused only by sense volume/ambiguity; primary meanings are non-empty, medium-or-better confidence, naturally sized, non-duplicate, and dictionary-grounded."
elevation,3,noun: 海抜・標高 [high],noun: 昇進・吊上 [medium],,medium,AMBIGUOUS_PRIMARY_SENSE,true,true,AUTO_ACCEPT,"Review was caused only by sense volume/ambiguity; primary meanings are non-empty, medium-or-better confidence, naturally sized, non-duplicate, and dictionary-grounded."
end,3,noun: 終わり・果て [high],noun: 端・末端 [high],noun: 目的・目標 [high],medium,TOO_MANY_SENSES,true,true,AUTO_ACCEPT,"Review was caused only by sense volume/ambiguity; primary meanings are non-empty, medium-or-better confidence, naturally sized, non-duplicate, and dictionary-grounded."
experience,3,noun: 経験・エクスペリエンス [high],verb: 味わう・舐める [high],verb: 経験する・知る [medium],medium,AMBIGUOUS_PRIMARY_SENSE,true,true,AUTO_ACCEPT,"Review was caused only by sense volume/ambiguity; primary meanings are non-empty, medium-or-better confidence, naturally sized, non-duplicate, and dictionary-grounded."
exploit,3,verb: 利用する・活用する [high],noun: 功績・偉業 [medium],,medium,AMBIGUOUS_PRIMARY_SENSE,true,true,AUTO_ACCEPT,"Review was caused only by sense volume/ambiguity; primary meanings are non-empty, medium-or-better confidence, naturally sized, non-duplicate, and dictionary-grounded."
eye,3,noun: 目玉模様・目玉 [high],noun: 目・眼力 [medium],noun: 目 [medium],medium,AMBIGUOUS_PRIMARY_SENSE|TOO_MANY_SENSES,true,true,AUTO_ACCEPT,"Review was caused only by sense volume/ambiguity; primary meanings are non-empty, medium-or-better confidence, naturally sized, non-duplicate, and dictionary-grounded."
face,3,noun: 表・表面 [high],verb: 向う・向く [high],noun: 顔・人間の顔 [medium],medium,AMBIGUOUS_PRIMARY_SENSE|TOO_MANY_SENSES,true,true,AUTO_ACCEPT,"Review was caused only by sense volume/ambiguity; primary meanings are non-empty, medium-or-better confidence, naturally sized, non-duplicate, and dictionary-grounded."
fall,3,verb: 落ちる・陥る [high],verb: 下がる・墜る [high],noun: 落下・下降 [high],medium,TOO_MANY_SENSES,true,true,AUTO_ACCEPT,"Review was caused only by sense volume/ambiguity; primary meanings are non-empty, medium-or-better confidence, naturally sized, non-duplicate, and dictionary-grounded."
far,3,adjective: 遠い・遠くの [high],,,medium,TOO_MANY_SENSES,true,true,AUTO_ACCEPT,"Review was caused only by sense volume/ambiguity; primary meanings are non-empty, medium-or-better confidence, naturally sized, non-duplicate, and dictionary-grounded."
feel,3,verb: 感じる・感ずる [high],verb: 触る・タッチ [high],noun: 感触・手触 [high],medium,TOO_MANY_SENSES,true,true,AUTO_ACCEPT,"Review was caused only by sense volume/ambiguity; primary meanings are non-empty, medium-or-better confidence, naturally sized, non-duplicate, and dictionary-grounded."
figure,3,noun: 人物・名士 [high],noun: 図・図形 [high],noun: 数字・位 [high],medium,TOO_MANY_SENSES,true,true,AUTO_ACCEPT,"Review was caused only by sense volume/ambiguity; primary meanings are non-empty, medium-or-better confidence, naturally sized, non-duplicate, and dictionary-grounded."
find,3,verb: 分る・思う [high],noun: 発見 [high],verb: 見つける・発見する [medium],medium,AMBIGUOUS_PRIMARY_SENSE|TOO_MANY_SENSES,true,true,AUTO_ACCEPT,"Review was caused only by sense volume/ambiguity; primary meanings are non-empty, medium-or-better confidence, naturally sized, non-duplicate, and dictionary-grounded."
first,3,adjective: 第一の・一番の [high],adverb: 初めて・始めて [high],noun: 初めて・前代未聞 [high],medium,TOO_MANY_SENSES,true,true,AUTO_ACCEPT,"Review was caused only by sense volume/ambiguity; primary meanings are non-empty, medium-or-better confidence, naturally sized, non-duplicate, and dictionary-grounded."
flip,3,noun: 宙返り・翻筋斗 [high],verb: 弾く・さっと投げる [high],noun: 送球・トス [medium],medium,AMBIGUOUS_PRIMARY_SENSE|TOO_MANY_SENSES,true,true,AUTO_ACCEPT,"Review was caused only by sense volume/ambiguity; primary meanings are non-empty, medium-or-better confidence, naturally sized, non-duplicate, and dictionary-grounded."
follow,3,verb: 後に続く・続く [high],verb: 従う・随う [high],verb: 付いて行く・追う [medium],medium,AMBIGUOUS_PRIMARY_SENSE|TOO_MANY_SENSES,true,true,AUTO_ACCEPT,"Review was caused only by sense volume/ambiguity; primary meanings are non-empty, medium-or-better confidence, naturally sized, non-duplicate, and dictionary-grounded."
force,3,verb: 強いる・強制する [high],noun: 力 [medium],noun: 軍・軍隊 [medium],medium,AMBIGUOUS_PRIMARY_SENSE|TOO_MANY_SENSES,true,true,AUTO_ACCEPT,"Review was caused only by sense volume/ambiguity; primary meanings are non-empty, medium-or-better confidence, naturally sized, non-duplicate, and dictionary-grounded."
form,3,noun: 形・形状 [high],noun: 雛形・書式 [high],verb: 形式を成す・体系付ける [medium],medium,AMBIGUOUS_PRIMARY_SENSE|TOO_MANY_SENSES,true,true,AUTO_ACCEPT,"Review was caused only by sense volume/ambiguity; primary meanings are non-empty, medium-or-better confidence, naturally sized, non-duplicate, and dictionary-grounded."
forward,3,adjective: 前に・前方の位置の [high],adverb: 前に・前方に [high],verb: 転送する・回送する [high],medium,TOO_MANY_SENSES,true,true,AUTO_ACCEPT,"Review was caused only by sense volume/ambiguity; primary meanings are non-empty, medium-or-better confidence, naturally sized, non-duplicate, and dictionary-grounded."
fracture,3,noun: 骨折・折損 [high],verb: 骨折する・骨折 [high],noun: 破損・破砕 [medium],medium,AMBIGUOUS_PRIMARY_SENSE,true,true,AUTO_ACCEPT,"Review was caused only by sense volume/ambiguity; primary meanings are non-empty, medium-or-better confidence, naturally sized, non-duplicate, and dictionary-grounded."
free,3,adjective: 自由な・任意 [high],verb: 自由にする・解放する [high],adjective: 無料の・無償の [medium],medium,AMBIGUOUS_PRIMARY_SENSE|TOO_MANY_SENSES,true,true,AUTO_ACCEPT,"Review was caused only by sense volume/ambiguity; primary meanings are non-empty, medium-or-better confidence, naturally sized, non-duplicate, and dictionary-grounded."
fringe,3,noun: 周囲・周縁 [high],noun: ふさべり・縁飾り [medium],,medium,AMBIGUOUS_PRIMARY_SENSE,true,true,AUTO_ACCEPT,"Review was caused only by sense volume/ambiguity; primary meanings are non-empty, medium-or-better confidence, naturally sized, non-duplicate, and dictionary-grounded."
front,3,noun: 前・表 [high],noun: 前線・戦線 [high],verb: 向う・向く [high],medium,TOO_MANY_SENSES,true,true,AUTO_ACCEPT,"Review was caused only by sense volume/ambiguity; primary meanings are non-empty, medium-or-better confidence, naturally sized, non-duplicate, and dictionary-grounded."
full,3,adjective: 十分な・満ち足りた [high],adjective: 完全な・一杯 [high],,medium,TOO_MANY_SENSES,true,true,AUTO_ACCEPT,"Review was caused only by sense volume/ambiguity; primary meanings are non-empty, medium-or-better confidence, naturally sized, non-duplicate, and dictionary-grounded."
further,3,adverb: さらに・さらに遠く [high],adjective: 程遠い・より隔たった [medium],adverb: 尚々・尚も [medium],medium,AMBIGUOUS_PRIMARY_SENSE|TOO_MANY_SENSES,true,true,AUTO_ACCEPT,"Review was caused only by sense volume/ambiguity; primary meanings are non-empty, medium-or-better confidence, naturally sized, non-duplicate, and dictionary-grounded."
gauge,3,noun: 基準・尺度 [high],noun: 計器・ゲージ [high],verb: 正確に測定する・測定 [high],medium,TOO_MANY_SENSES,true,true,AUTO_ACCEPT,"Review was caused only by sense volume/ambiguity; primary meanings are non-empty, medium-or-better confidence, naturally sized, non-duplicate, and dictionary-grounded."
general,3,adjective: 一般の・一般的な [high],noun: 陸軍の大将・将官 [high],,medium,TOO_MANY_SENSES,true,true,AUTO_ACCEPT,"Review was caused only by sense volume/ambiguity; primary meanings are non-empty, medium-or-better confidence, naturally sized, non-duplicate, and dictionary-grounded."
get,3,verb: 得る [high],verb: なる・成る [high],,medium,TOO_MANY_SENSES,true,true,AUTO_ACCEPT,"Review was caused only by sense volume/ambiguity; primary meanings are non-empty, medium-or-better confidence, naturally sized, non-duplicate, and dictionary-grounded."
ghost,3,noun: 幽霊・亡者 [high],verb: 代作する・代作 [high],,medium,TOO_MANY_SENSES,true,true,AUTO_ACCEPT,"Review was caused only by sense volume/ambiguity; primary meanings are non-empty, medium-or-better confidence, naturally sized, non-duplicate, and dictionary-grounded."
give,3,verb: 与える・生む [high],verb: 贈る・寄贈 [high],noun: 弾力性・伸縮性 [high],medium,TOO_MANY_SENSES,true,true,AUTO_ACCEPT,"Review was caused only by sense volume/ambiguity; primary meanings are non-empty, medium-or-better confidence, naturally sized, non-duplicate, and dictionary-grounded."
go,3,verb: 行く・進む [high],verb: 行く [high],noun: 番・順番 [high],medium,TOO_MANY_SENSES,true,true,AUTO_ACCEPT,"Review was caused only by sense volume/ambiguity; primary meanings are non-empty, medium-or-better confidence, naturally sized, non-duplicate, and dictionary-grounded."
good,3,adjective: 良い・善良な [high],adjective: 楽しい [high],noun: 物品・商品 [high],medium,TOO_MANY_SENSES,true,true,AUTO_ACCEPT,"Review was caused only by sense volume/ambiguity; primary meanings are non-empty, medium-or-better confidence, naturally sized, non-duplicate, and dictionary-grounded."
group,3,noun: グループ・群 [high],,,medium,TOO_MANY_SENSES,true,true,AUTO_ACCEPT,"Review was caused only by sense volume/ambiguity; primary meanings are non-empty, medium-or-better confidence, naturally sized, non-duplicate, and dictionary-grounded."
grow,3,verb: 育つ・成長する [high],,,medium,TOO_MANY_SENSES,true,true,AUTO_ACCEPT,"Review was caused only by sense volume/ambiguity; primary meanings are non-empty, medium-or-better confidence, naturally sized, non-duplicate, and dictionary-grounded."
gut,3,noun: 牛や羊の腸を加工した繊維・ガット [high],noun: 消化器官・胃腸 [medium],,medium,AMBIGUOUS_PRIMARY_SENSE,true,true,AUTO_ACCEPT,"Review was caused only by sense volume/ambiguity; primary meanings are non-empty, medium-or-better confidence, naturally sized, non-duplicate, and dictionary-grounded."
half,3,noun: 半分・ハーフ [high],adverb: 半分だけ・半ば [high],,medium,TOO_MANY_SENSES,true,true,AUTO_ACCEPT,"Review was caused only by sense volume/ambiguity; primary meanings are non-empty, medium-or-better confidence, naturally sized, non-duplicate, and dictionary-grounded."
halfway,3,adjective: 中途半端な・中途半端 [high],adverb: 途中で・中途で [medium],,medium,AMBIGUOUS_PRIMARY_SENSE,true,true,AUTO_ACCEPT,"Review was caused only by sense volume/ambiguity; primary meanings are non-empty, medium-or-better confidence, naturally sized, non-duplicate, and dictionary-grounded."
hand,3,noun: 拍手・拍手喝采 [high],verb: 手渡す・渡す [high],noun: 手・ハンド [medium],medium,AMBIGUOUS_PRIMARY_SENSE|TOO_MANY_SENSES,true,true,AUTO_ACCEPT,"Review was caused only by sense volume/ambiguity; primary meanings are non-empty, medium-or-better confidence, naturally sized, non-duplicate, and dictionary-grounded."
hard,3,adjective: 硬い・堅い [high],adjective: 難しい・難い [high],adverb: 熱心に・激しく [high],medium,TOO_MANY_SENSES,true,true,AUTO_ACCEPT,"Review was caused only by sense volume/ambiguity; primary meanings are non-empty, medium-or-better confidence, naturally sized, non-duplicate, and dictionary-grounded."
have,3,verb: 所有する・具す [high],,,medium,TOO_MANY_SENSES,true,true,AUTO_ACCEPT,"Review was caused only by sense volume/ambiguity; primary meanings are non-empty, medium-or-better confidence, naturally sized, non-duplicate, and dictionary-grounded."
hawk,3,verb: 売り歩く・呼び売りする [high],noun: 鷹・タカ [medium],verb: 鷹狩する・タカ狩り [medium],medium,AMBIGUOUS_PRIMARY_SENSE,true,true,AUTO_ACCEPT,"Review was caused only by sense volume/ambiguity; primary meanings are non-empty, medium-or-better confidence, naturally sized, non-duplicate, and dictionary-grounded."
head,3,noun: ヘッド・読み書きヘッド [high],noun: ヘッド [high],noun: 川の水源・水源 [high],medium,TOO_MANY_SENSES,true,true,AUTO_ACCEPT,"Review was caused only by sense volume/ambiguity; primary meanings are non-empty, medium-or-better confidence, naturally sized, non-duplicate, and dictionary-grounded."
help,3,verb: 助ける・助く [high],noun: 手助け・手伝い [high],verb: 手伝う・出す [medium],medium,AMBIGUOUS_PRIMARY_SENSE|TOO_MANY_SENSES,true,true,AUTO_ACCEPT,"Review was caused only by sense volume/ambiguity; primary meanings are non-empty, medium-or-better confidence, naturally sized, non-duplicate, and dictionary-grounded."
here,3,noun: ここ [high],,,medium,TOO_MANY_SENSES,true,true,AUTO_ACCEPT,"Review was caused only by sense volume/ambiguity; primary meanings are non-empty, medium-or-better confidence, naturally sized, non-duplicate, and dictionary-grounded."
high,3,adjective: 高い・大きい [high],,,medium,TOO_MANY_SENSES,true,true,AUTO_ACCEPT,"Review was caused only by sense volume/ambiguity; primary meanings are non-empty, medium-or-better confidence, naturally sized, non-duplicate, and dictionary-grounded."
history,3,noun: 歴史・史学 [high],noun: 経歴・履歴 [medium],,medium,AMBIGUOUS_PRIMARY_SENSE,true,true,AUTO_ACCEPT,"Review was caused only by sense volume/ambiguity; primary meanings are non-empty, medium-or-better confidence, naturally sized, non-duplicate, and dictionary-grounded."
hold,3,verb: 持つ・つかむ [high],verb: 保持 [high],verb: 保つ・持する [high],medium,TOO_MANY_SENSES,true,true,AUTO_ACCEPT,"Review was caused only by sense volume/ambiguity; primary meanings are non-empty, medium-or-better confidence, naturally sized, non-duplicate, and dictionary-grounded."
home,3,noun: いえ・家庭 [high],noun: 生息地・住処 [high],adverb: 家へ・我が家へ [high],medium,TOO_MANY_SENSES,true,true,AUTO_ACCEPT,"Review was caused only by sense volume/ambiguity; primary meanings are non-empty, medium-or-better confidence, naturally sized, non-duplicate, and dictionary-grounded."
in,3,adverb: 中に・中へ [high],,,medium,TOO_MANY_SENSES,true,true,AUTO_ACCEPT,"Review was caused only by sense volume/ambiguity; primary meanings are non-empty, medium-or-better confidence, naturally sized, non-duplicate, and dictionary-grounded."
interest,3,noun: 興味・関心 [high],noun: 利益・権益 [high],noun: 利息・利子 [high],medium,TOO_MANY_SENSES,true,true,AUTO_ACCEPT,"Review was caused only by sense volume/ambiguity; primary meanings are non-empty, medium-or-better confidence, naturally sized, non-duplicate, and dictionary-grounded."
invade,3,verb: 襲う・侵す [high],verb: 侵略する・侵入 [medium],,medium,AMBIGUOUS_PRIMARY_SENSE,true,true,AUTO_ACCEPT,"Review was caused only by sense volume/ambiguity; primary meanings are non-empty, medium-or-better confidence, naturally sized, non-duplicate, and dictionary-grounded."
issue,3,noun: 議論されるべき問題・争点 [high],noun: 子・児孫 [high],verb: 出る・現じる [high],medium,TOO_MANY_SENSES,true,true,AUTO_ACCEPT,"Review was caused only by sense volume/ambiguity; primary meanings are non-empty, medium-or-better confidence, naturally sized, non-duplicate, and dictionary-grounded."
job,3,noun: 仕事・手間 [high],noun: ジョブ・コンピューターにさせる仕事の単位 [high],,medium,TOO_MANY_SENSES,true,true,AUTO_ACCEPT,"Review was caused only by sense volume/ambiguity; primary meanings are non-empty, medium-or-better confidence, naturally sized, non-duplicate, and dictionary-grounded."
join,3,verb: 一緒になる・交わる [high],verb: つなぐ・結合す [high],,medium,TOO_MANY_SENSES,true,true,AUTO_ACCEPT,"Review was caused only by sense volume/ambiguity; primary meanings are non-empty, medium-or-better confidence, naturally sized, non-duplicate, and dictionary-grounded."
keep,3,verb: 保つ・続ける [high],verb: 保つ [high],noun: 生活費 [high],medium,TOO_MANY_SENSES,true,true,AUTO_ACCEPT,"Review was caused only by sense volume/ambiguity; primary meanings are non-empty, medium-or-better confidence, naturally sized, non-duplicate, and dictionary-grounded."
know,3,verb: 知る・知っている [high],,,medium,TOO_MANY_SENSES,true,true,AUTO_ACCEPT,"Review was caused only by sense volume/ambiguity; primary meanings are non-empty, medium-or-better confidence, naturally sized, non-duplicate, and dictionary-grounded."
land,3,noun: 陸・土地 [high],noun: 国土・邦土 [high],verb: 上陸する・舞い降りる [high],medium,TOO_MANY_SENSES,true,true,AUTO_ACCEPT,"Review was caused only by sense volume/ambiguity; primary meanings are non-empty, medium-or-better confidence, naturally sized, non-duplicate, and dictionary-grounded."
last,3,adverb: 最後に・要するに [high],verb: 続く・存える [high],adjective: 終わりの・最後の [medium],medium,AMBIGUOUS_PRIMARY_SENSE|TOO_MANY_SENSES,true,true,AUTO_ACCEPT,"Review was caused only by sense volume/ambiguity; primary meanings are non-empty, medium-or-better confidence, naturally sized, non-duplicate, and dictionary-grounded."
late,3,adjective: 遅い [high],adverb: 遅れて・遅く [high],,medium,TOO_MANY_SENSES,true,true,AUTO_ACCEPT,"Review was caused only by sense volume/ambiguity; primary meanings are non-empty, medium-or-better confidence, naturally sized, non-duplicate, and dictionary-grounded."
law,3,noun: 法・法律 [high],noun: 法則・原理 [high],noun: 法の力・法秩序 [medium],medium,AMBIGUOUS_PRIMARY_SENSE,true,true,AUTO_ACCEPT,"Review was caused only by sense volume/ambiguity; primary meanings are non-empty, medium-or-better confidence, naturally sized, non-duplicate, and dictionary-grounded."
lead,3,verb: 案内する・道案内する [high],verb: 指揮する・指揮 [high],noun: 先導・主導 [high],medium,TOO_MANY_SENSES,true,true,AUTO_ACCEPT,"Review was caused only by sense volume/ambiguity; primary meanings are non-empty, medium-or-better confidence, naturally sized, non-duplicate, and dictionary-grounded."
leave,3,verb: 残す・遺す [high],verb: 離れる・去る [high],noun: 休暇の許可・許可 [high],medium,TOO_MANY_SENSES,true,true,AUTO_ACCEPT,"Review was caused only by sense volume/ambiguity; primary meanings are non-empty, medium-or-better confidence, naturally sized, non-duplicate, and dictionary-grounded."
legitimate,3,adjective: 正しい・正当 [high],adjective: 合法な・合理的 [medium],verb: 合法と認める・合法化する [medium],medium,AMBIGUOUS_PRIMARY_SENSE|TOO_MANY_SENSES,true,true,AUTO_ACCEPT,"Review was caused only by sense volume/ambiguity; primary meanings are non-empty, medium-or-better confidence, naturally sized, non-duplicate, and dictionary-grounded."
level,3,adjective: 平らな・水平な [high],noun: 水準器・段階 [high],noun: 水平・水平器 [high],medium,TOO_MANY_SENSES,true,true,AUTO_ACCEPT,"Review was caused only by sense volume/ambiguity; primary meanings are non-empty, medium-or-better confidence, naturally sized, non-duplicate, and dictionary-grounded."
life,3,noun: 命・生 [high],noun: 一生・人生 [high],noun: 生活・暮らし [high],medium,TOO_MANY_SENSES,true,true,AUTO_ACCEPT,"Review was caused only by sense volume/ambiguity; primary meanings are non-empty, medium-or-better confidence, naturally sized, non-duplicate, and dictionary-grounded."
light,3,noun: 光・照明 [high],noun: 明るさ [high],adjective: 明るい・淡い [high],medium,TOO_MANY_SENSES,true,true,AUTO_ACCEPT,"Review was caused only by sense volume/ambiguity; primary meanings are non-empty, medium-or-better confidence, naturally sized, non-duplicate, and dictionary-grounded."
like,3,verb: 好く・好む [high],verb: 嗜む・好む [high],,medium,TOO_MANY_SENSES,true,true,AUTO_ACCEPT,"Review was caused only by sense volume/ambiguity; primary meanings are non-empty, medium-or-better confidence, naturally sized, non-duplicate, and dictionary-grounded."
line,3,noun: 電線・回線 [high],noun: 一筆・寸楮 [high],verb: 線を引く・引く [high],medium,TOO_MANY_SENSES,true,true,AUTO_ACCEPT,"Review was caused only by sense volume/ambiguity; primary meanings are non-empty, medium-or-better confidence, naturally sized, non-duplicate, and dictionary-grounded."
little,3,adjective: 小さい・幼い [high],,,medium,TOO_MANY_SENSES,true,true,AUTO_ACCEPT,"Review was caused only by sense volume/ambiguity; primary meanings are non-empty, medium-or-better confidence, naturally sized, non-duplicate, and dictionary-grounded."
live,3,verb: 生きる・食う [high],verb: 住む・住う [high],adjective: 生きている・生存している [high],medium,TOO_MANY_SENSES,true,true,AUTO_ACCEPT,"Review was caused only by sense volume/ambiguity; primary meanings are non-empty, medium-or-better confidence, naturally sized, non-duplicate, and dictionary-grounded."
local,3,noun: 各駅停車・各停 [high],adjective: 現地の・地域的 [medium],,medium,AMBIGUOUS_PRIMARY_SENSE|TOO_MANY_SENSES,true,true,AUTO_ACCEPT,"Review was caused only by sense volume/ambiguity; primary meanings are non-empty, medium-or-better confidence, naturally sized, non-duplicate, and dictionary-grounded."
look,3,verb: 見る・視る [high],verb: 思える・見える [high],noun: 一見 [high],medium,TOO_MANY_SENSES,true,true,AUTO_ACCEPT,"Review was caused only by sense volume/ambiguity; primary meanings are non-empty, medium-or-better confidence, naturally sized, non-duplicate, and dictionary-grounded."
lose,3,verb: 失う・失くす [high],,,medium,TOO_MANY_SENSES,true,true,AUTO_ACCEPT,"Review was caused only by sense volume/ambiguity; primary meanings are non-empty, medium-or-better confidence, naturally sized, non-duplicate, and dictionary-grounded."
lot,3,noun: 敷地・スタジオ [high],,,medium,TOO_MANY_SENSES,true,true,AUTO_ACCEPT,"Review was caused only by sense volume/ambiguity; primary meanings are non-empty, medium-or-better confidence, naturally sized, non-duplicate, and dictionary-grounded."
love,3,noun: 愛・恋 [high],,,medium,TOO_MANY_SENSES,true,true,AUTO_ACCEPT,"Review was caused only by sense volume/ambiguity; primary meanings are non-empty, medium-or-better confidence, naturally sized, non-duplicate, and dictionary-grounded."
low,3,adjective: 低い [high],adverb: 低く・低い所へ [high],noun: 低気圧 [high],medium,TOO_MANY_SENSES,true,true,AUTO_ACCEPT,"Review was caused only by sense volume/ambiguity; primary meanings are non-empty, medium-or-better confidence, naturally sized, non-duplicate, and dictionary-grounded."
main,3,adjective: 主要な・メインの [high],,,medium,TOO_MANY_SENSES,true,true,AUTO_ACCEPT,"Review was caused only by sense volume/ambiguity; primary meanings are non-empty, medium-or-better confidence, naturally sized, non-duplicate, and dictionary-grounded."
major,3,noun: 少佐 [high],adjective: 流派が大きい・一流の [high],adjective: 程度が大きい・重大な [high],medium,TOO_MANY_SENSES,true,true,AUTO_ACCEPT,"Review was caused only by sense volume/ambiguity; primary meanings are non-empty, medium-or-better confidence, naturally sized, non-duplicate, and dictionary-grounded."
make,3,verb: 物を作る・作る [high],verb: 形作る・構成する [high],verb: 得る・稼ぐ [high],medium,TOO_MANY_SENSES,true,true,AUTO_ACCEPT,"Review was caused only by sense volume/ambiguity; primary meanings are non-empty, medium-or-better confidence, naturally sized, non-duplicate, and dictionary-grounded."
man,3,noun: 人・人間 [high],verb: 乗り物などに人を乗り込ませる・乗り込む [medium],,medium,AMBIGUOUS_PRIMARY_SENSE|TOO_MANY_SENSES,true,true,AUTO_ACCEPT,"Review was caused only by sense volume/ambiguity; primary meanings are non-empty, medium-or-better confidence, naturally sized, non-duplicate, and dictionary-grounded."
manipulate,3,verb: 操作する・改竄する [high],verb: 操縦する・操る [medium],,medium,AMBIGUOUS_PRIMARY_SENSE,true,true,AUTO_ACCEPT,"Review was caused only by sense volume/ambiguity; primary meanings are non-empty, medium-or-better confidence, naturally sized, non-duplicate, and dictionary-grounded."
marble,3,noun: 大理石・マーブル [high],noun: ビー玉・マーブル [high],,medium,TOO_MANY_SENSES,true,true,AUTO_ACCEPT,"Review was caused only by sense volume/ambiguity; primary meanings are non-empty, medium-or-better confidence, naturally sized, non-duplicate, and dictionary-grounded."
matter,3,noun: 物質・大きさと質量を持つ実体 [high],noun: ことがら・案件 [high],verb: 問う・問題になる [medium],medium,AMBIGUOUS_PRIMARY_SENSE,true,true,AUTO_ACCEPT,"Review was caused only by sense volume/ambiguity; primary meanings are non-empty, medium-or-better confidence, naturally sized, non-duplicate, and dictionary-grounded."
mean,3,verb: 意味する・意味 [high],verb: 意企・意図 [high],adjective: 汚い・穢い [high],medium,TOO_MANY_SENSES,true,true,AUTO_ACCEPT,"Review was caused only by sense volume/ambiguity; primary meanings are non-empty, medium-or-better confidence, naturally sized, non-duplicate, and dictionary-grounded."
meet,3,verb: 会う・会す [high],verb: 出迎える [high],noun: 競技会・運動会 [high],medium,TOO_MANY_SENSES,true,true,AUTO_ACCEPT,"Review was caused only by sense volume/ambiguity; primary meanings are non-empty, medium-or-better confidence, naturally sized, non-duplicate, and dictionary-grounded."
mind,3,noun: 知性・知力 [high],noun: 記憶・覚え [high],verb: 用心する・惧れる [high],medium,TOO_MANY_SENSES,true,true,AUTO_ACCEPT,"Review was caused only by sense volume/ambiguity; primary meanings are non-empty, medium-or-better confidence, naturally sized, non-duplicate, and dictionary-grounded."
model,3,noun: モデル・典型 [high],noun: 模型・雛型 [high],adjective: 模範的な・模範的 [high],medium,TOO_MANY_SENSES,true,true,AUTO_ACCEPT,"Review was caused only by sense volume/ambiguity; primary meanings are non-empty, medium-or-better confidence, naturally sized, non-duplicate, and dictionary-grounded."
money,3,noun: 通貨・貨幣 [high],noun: 貨幣・現金 [high],noun: 金銭・お金 [medium],medium,AMBIGUOUS_PRIMARY_SENSE,true,true,AUTO_ACCEPT,"Review was caused only by sense volume/ambiguity; primary meanings are non-empty, medium-or-better confidence, naturally sized, non-duplicate, and dictionary-grounded."
mother,3,noun: 母・お母さん [high],verb: 世話する・生む [medium],,medium,AMBIGUOUS_PRIMARY_SENSE,true,true,AUTO_ACCEPT,"Review was caused only by sense volume/ambiguity; primary meanings are non-empty, medium-or-better confidence, naturally sized, non-duplicate, and dictionary-grounded."
move,3,verb: 動く・参る [high],verb: 動く [high],noun: 動き・移動 [high],medium,TOO_MANY_SENSES,true,true,AUTO_ACCEPT,"Review was caused only by sense volume/ambiguity; primary meanings are non-empty, medium-or-better confidence, naturally sized, non-duplicate, and dictionary-grounded."
much,3,adverb: ほぼ・殆 [high],adjective: 多数・たくさんの [medium],,medium,AMBIGUOUS_PRIMARY_SENSE,true,true,AUTO_ACCEPT,"Review was caused only by sense volume/ambiguity; primary meanings are non-empty, medium-or-better confidence, naturally sized, non-duplicate, and dictionary-grounded."
name,3,verb: 任命する・任ずる [high],noun: 名前・二字 [medium],verb: 呼ぶ・と呼ぶ [medium],medium,AMBIGUOUS_PRIMARY_SENSE|TOO_MANY_SENSES,true,true,AUTO_ACCEPT,"Review was caused only by sense volume/ambiguity; primary meanings are non-empty, medium-or-better confidence, naturally sized, non-duplicate, and dictionary-grounded."
need,3,noun: 必要・必要性 [high],verb: 求める・要する [high],,medium,TOO_MANY_SENSES,true,true,AUTO_ACCEPT,"Review was caused only by sense volume/ambiguity; primary meanings are non-empty, medium-or-better confidence, naturally sized, non-duplicate, and dictionary-grounded."
nest,3,noun: 巣窟 [high],noun: 巣 [medium],,medium,AMBIGUOUS_PRIMARY_SENSE,true,true,AUTO_ACCEPT,"Review was caused only by sense volume/ambiguity; primary meanings are non-empty, medium-or-better confidence, naturally sized, non-duplicate, and dictionary-grounded."
new,3,adjective: 新しい・おニューの [high],adverb: 新しく・つい最近 [high],,medium,TOO_MANY_SENSES,true,true,AUTO_ACCEPT,"Review was caused only by sense volume/ambiguity; primary meanings are non-empty, medium-or-better confidence, naturally sized, non-duplicate, and dictionary-grounded."
next,3,adjective: 直近の・隣接した [high],adverb: 次に [high],adjective: 次の・来- [medium],medium,AMBIGUOUS_PRIMARY_SENSE,true,true,AUTO_ACCEPT,"Review was caused only by sense volume/ambiguity; primary meanings are non-empty, medium-or-better confidence, naturally sized, non-duplicate, and dictionary-grounded."
noble,3,adjective: 崇高な・上品な [high],noun: 貴族・卿 [medium],,medium,AMBIGUOUS_PRIMARY_SENSE,true,true,AUTO_ACCEPT,"Review was caused only by sense volume/ambiguity; primary meanings are non-empty, medium-or-better confidence, naturally sized, non-duplicate, and dictionary-grounded."
note,3,noun: 覚え書き・メモ [high],noun: 音・調子 [high],verb: 表記する・記す [high],medium,TOO_MANY_SENSES,true,true,AUTO_ACCEPT,"Review was caused only by sense volume/ambiguity; primary meanings are non-empty, medium-or-better confidence, naturally sized, non-duplicate, and dictionary-grounded."
now,3,adverb: 今・現在 [high],noun: 今・現在 [medium],,medium,AMBIGUOUS_PRIMARY_SENSE,true,true,AUTO_ACCEPT,"Review was caused only by sense volume/ambiguity; primary meanings are non-empty, medium-or-better confidence, naturally sized, non-duplicate, and dictionary-grounded."
number,3,noun: 数・数値 [high],verb: 数える・数に入れる [high],verb: 成る・達する [high],medium,TOO_MANY_SENSES,true,true,AUTO_ACCEPT,"Review was caused only by sense volume/ambiguity; primary meanings are non-empty, medium-or-better confidence, naturally sized, non-duplicate, and dictionary-grounded."
obscure,3,adjective: ぼやけた・不明瞭 [high],adjective: 曖昧な・曖昧 [high],adjective: 無名の・名もない [medium],medium,AMBIGUOUS_PRIMARY_SENSE|TOO_MANY_SENSES,true,true,AUTO_ACCEPT,"Review was caused only by sense volume/ambiguity; primary meanings are non-empty, medium-or-better confidence, naturally sized, non-duplicate, and dictionary-grounded."
offer,3,noun: 申し出・提供 [high],verb: 申し出る・すすめる [high],verb: 与える・提供する [high],medium,TOO_MANY_SENSES,true,true,AUTO_ACCEPT,"Review was caused only by sense volume/ambiguity; primary meanings are non-empty, medium-or-better confidence, naturally sized, non-duplicate, and dictionary-grounded."
old,3,adjective: 古い・旧い [high],adjective: 年をとった・年寄りの [medium],,medium,AMBIGUOUS_PRIMARY_SENSE,true,true,AUTO_ACCEPT,"Review was caused only by sense volume/ambiguity; primary meanings are non-empty, medium-or-better confidence, naturally sized, non-duplicate, and dictionary-grounded."
one,3,adjective: ある・然る [high],adjective: ひとつの・唯一無二 [medium],,medium,AMBIGUOUS_PRIMARY_SENSE|TOO_MANY_SENSES,true,true,AUTO_ACCEPT,"Review was caused only by sense volume/ambiguity; primary meanings are non-empty, medium-or-better confidence, naturally sized, non-duplicate, and dictionary-grounded."
open,3,verb: 開く・開ける [high],verb: 開ける [high],adjective: 開いている・開けた [high],medium,TOO_MANY_SENSES,true,true,AUTO_ACCEPT,"Review was caused only by sense volume/ambiguity; primary meanings are non-empty, medium-or-better confidence, naturally sized, non-duplicate, and dictionary-grounded."
order,3,noun: 注文・オーダー [high],noun: 順序・順番 [high],noun: 整理・整頓 [high],medium,TOO_MANY_SENSES,true,true,AUTO_ACCEPT,"Review was caused only by sense volume/ambiguity; primary meanings are non-empty, medium-or-better confidence, naturally sized, non-duplicate, and dictionary-grounded."
orient,3,noun: 東洋の真珠の光沢・東洋 [high],verb: 東に向ける・向ける [high],verb: 向ける・適応させる [high],medium,TOO_MANY_SENSES,true,true,AUTO_ACCEPT,"Review was caused only by sense volume/ambiguity; primary meanings are non-empty, medium-or-better confidence, naturally sized, non-duplicate, and dictionary-grounded."
out,3,adverb: 外出して・戸外で [high],noun: アウト [high],,medium,TOO_MANY_SENSES,true,true,AUTO_ACCEPT,"Review was caused only by sense volume/ambiguity; primary meanings are non-empty, medium-or-better confidence, naturally sized, non-duplicate, and dictionary-grounded."
outside,3,noun: 外部・外側 [high],adjective: わずかな・微々 [high],adjective: 外部の・外側の [medium],medium,AMBIGUOUS_PRIMARY_SENSE|TOO_MANY_SENSES,true,true,AUTO_ACCEPT,"Review was caused only by sense volume/ambiguity; primary meanings are non-empty, medium-or-better confidence, naturally sized, non-duplicate, and dictionary-grounded."
pardon,3,verb: 許す・聴す [high],noun: 許し・了簡 [medium],,medium,AMBIGUOUS_PRIMARY_SENSE,true,true,AUTO_ACCEPT,"Review was caused only by sense volume/ambiguity; primary meanings are non-empty, medium-or-better confidence, naturally sized, non-duplicate, and dictionary-grounded."
part,3,noun: 部分・一部分 [high],noun: パート [high],,medium,TOO_MANY_SENSES,true,true,AUTO_ACCEPT,"Review was caused only by sense volume/ambiguity; primary meanings are non-empty, medium-or-better confidence, naturally sized, non-duplicate, and dictionary-grounded."
party,3,noun: 署名人・当事者 [high],noun: ある目的のために行動を共にする集団・党派 [medium],,medium,AMBIGUOUS_PRIMARY_SENSE,true,true,AUTO_ACCEPT,"Review was caused only by sense volume/ambiguity; primary meanings are non-empty, medium-or-better confidence, naturally sized, non-duplicate, and dictionary-grounded."
pass,3,verb: 経つ・経る [high],verb: パスする・パス [high],noun: 合格・及第 [high],medium,TOO_MANY_SENSES,true,true,AUTO_ACCEPT,"Review was caused only by sense volume/ambiguity; primary meanings are non-empty, medium-or-better confidence, naturally sized, non-duplicate, and dictionary-grounded."
period,3,noun: 時代・時期 [high],noun: 月経・月事 [high],noun: 終結・終止 [high],medium,TOO_MANY_SENSES,true,true,AUTO_ACCEPT,"Review was caused only by sense volume/ambiguity; primary meanings are non-empty, medium-or-better confidence, naturally sized, non-duplicate, and dictionary-grounded."
pi,3,noun: パイ [high],noun: 探偵・私立探偵 [medium],noun: プロテアーゼ阻害剤 [medium],medium,AMBIGUOUS_PRIMARY_SENSE,true,true,AUTO_ACCEPT,"Review was caused only by sense volume/ambiguity; primary meanings are non-empty, medium-or-better confidence, naturally sized, non-duplicate, and dictionary-grounded."
place,3,noun: 場所・位置 [high],noun: 地位・身分 [high],verb: 置く [high],medium,TOO_MANY_SENSES,true,true,AUTO_ACCEPT,"Review was caused only by sense volume/ambiguity; primary meanings are non-empty, medium-or-better confidence, naturally sized, non-duplicate, and dictionary-grounded."
play,3,noun: 劇・演劇 [high],noun: 冗談・悪戯 [high],verb: 遊ぶ・戯る [high],medium,TOO_MANY_SENSES,true,true,AUTO_ACCEPT,"Review was caused only by sense volume/ambiguity; primary meanings are non-empty, medium-or-better confidence, naturally sized, non-duplicate, and dictionary-grounded."
point,3,noun: 先端・剣の切先 [high],noun: 点・ポイント [high],verb: 示す・指示する [high],medium,TOO_MANY_SENSES,true,true,AUTO_ACCEPT,"Review was caused only by sense volume/ambiguity; primary meanings are non-empty, medium-or-better confidence, naturally sized, non-duplicate, and dictionary-grounded."
position,3,noun: 位置・在処 [high],noun: 地位・位地 [high],verb: 配置する・置く [high],medium,TOO_MANY_SENSES,true,true,AUTO_ACCEPT,"Review was caused only by sense volume/ambiguity; primary meanings are non-empty, medium-or-better confidence, naturally sized, non-duplicate, and dictionary-grounded."
powder,3,noun: 粉・粉末 [high],noun: 火薬・弾薬 [high],,medium,TOO_MANY_SENSES,true,true,AUTO_ACCEPT,"Review was caused only by sense volume/ambiguity; primary meanings are non-empty, medium-or-better confidence, naturally sized, non-duplicate, and dictionary-grounded."
power,3,noun: 支配力・権力 [high],noun: 仕事率・工率 [high],noun: 力・能力 [medium],medium,AMBIGUOUS_PRIMARY_SENSE|TOO_MANY_SENSES,true,true,AUTO_ACCEPT,"Review was caused only by sense volume/ambiguity; primary meanings are non-empty, medium-or-better confidence, naturally sized, non-duplicate, and dictionary-grounded."
practice,3,noun: 練習・稽古 [high],verb: 実行する・実行 [high],verb: 練習する・温習 [high],medium,TOO_MANY_SENSES,true,true,AUTO_ACCEPT,"Review was caused only by sense volume/ambiguity; primary meanings are non-empty, medium-or-better confidence, naturally sized, non-duplicate, and dictionary-grounded."
precipitate,3,verb: 凝結して降る・落る [high],verb: 突然引き起こす・突然生じさせる [medium],,medium,AMBIGUOUS_PRIMARY_SENSE|TOO_MANY_SENSES,true,true,AUTO_ACCEPT,"Review was caused only by sense volume/ambiguity; primary meanings are non-empty, medium-or-better confidence, naturally sized, non-duplicate, and dictionary-grounded."
precipitation,3,noun: 沈殿・沈殿物 [high],noun: 降水・降水量 [high],noun: 落下・倉卒 [medium],medium,AMBIGUOUS_PRIMARY_SENSE,true,true,AUTO_ACCEPT,"Review was caused only by sense volume/ambiguity; primary meanings are non-empty, medium-or-better confidence, naturally sized, non-duplicate, and dictionary-grounded."
present,3,noun: 現在・土産 [high],adjective: 出席して・出席している [high],adjective: 現在の [high],medium,TOO_MANY_SENSES,true,true,AUTO_ACCEPT,"Review was caused only by sense volume/ambiguity; primary meanings are non-empty, medium-or-better confidence, naturally sized, non-duplicate, and dictionary-grounded."
price,3,noun: 懸賞金・報償 [high],noun: 代償・犠牲 [high],noun: 価格・対価 [medium],medium,AMBIGUOUS_PRIMARY_SENSE,true,true,AUTO_ACCEPT,"Review was caused only by sense volume/ambiguity; primary meanings are non-empty, medium-or-better confidence, naturally sized, non-duplicate, and dictionary-grounded."
process,3,noun: 過程・経過 [high],noun: 製法・工程 [high],verb: 加工する・処理 [high],medium,TOO_MANY_SENSES,true,true,AUTO_ACCEPT,"Review was caused only by sense volume/ambiguity; primary meanings are non-empty, medium-or-better confidence, naturally sized, non-duplicate, and dictionary-grounded."
program,3,noun: 予定表・演目 [high],noun: 綱領・政綱 [high],verb: プログラムを作成する・プログラム [high],medium,TOO_MANY_SENSES,true,true,AUTO_ACCEPT,"Review was caused only by sense volume/ambiguity; primary meanings are non-empty, medium-or-better confidence, naturally sized, non-duplicate, and dictionary-grounded."
protocol,3,noun: プロトコル・通信プロトコル [high],noun: プロトコル [high],,medium,TOO_MANY_SENSES,true,true,AUTO_ACCEPT,"Review was caused only by sense volume/ambiguity; primary meanings are non-empty, medium-or-better confidence, naturally sized, non-duplicate, and dictionary-grounded."
punch,3,noun: 一撃・強打 [high],verb: 穴をあける・打ち抜く [high],noun: 穿孔機・パンチ [high],medium,TOO_MANY_SENSES,true,true,AUTO_ACCEPT,"Review was caused only by sense volume/ambiguity; primary meanings are non-empty, medium-or-better confidence, naturally sized, non-duplicate, and dictionary-grounded."
put,3,verb: 置く [high],noun: プット・オプション [high],,medium,TOO_MANY_SENSES,true,true,AUTO_ACCEPT,"Review was caused only by sense volume/ambiguity; primary meanings are non-empty, medium-or-better confidence, naturally sized, non-duplicate, and dictionary-grounded."
raise,3,verb: 上げる・増す [high],verb: 上げる [high],verb: 高める・強める [high],medium,TOO_MANY_SENSES,true,true,AUTO_ACCEPT,"Review was caused only by sense volume/ambiguity; primary meanings are non-empty, medium-or-better confidence, naturally sized, non-duplicate, and dictionary-grounded."
rate,3,noun: 比率・割合 [high],noun: 料金・料率 [high],verb: 見る・価値づける [medium],medium,AMBIGUOUS_PRIMARY_SENSE,true,true,AUTO_ACCEPT,"Review was caused only by sense volume/ambiguity; primary meanings are non-empty, medium-or-better confidence, naturally sized, non-duplicate, and dictionary-grounded."
reach,3,verb: 達する・到達 [high],verb: 届く・到る [high],noun: 範囲・射程 [high],medium,TOO_MANY_SENSES,true,true,AUTO_ACCEPT,"Review was caused only by sense volume/ambiguity; primary meanings are non-empty, medium-or-better confidence, naturally sized, non-duplicate, and dictionary-grounded."
read,3,verb: 文字や書籍を〕読む・繙く [high],noun: 読み物・読物 [high],,medium,TOO_MANY_SENSES,true,true,AUTO_ACCEPT,"Review was caused only by sense volume/ambiguity; primary meanings are non-empty, medium-or-better confidence, naturally sized, non-duplicate, and dictionary-grounded."
real,3,adjective: 本当の・本格的 [high],,,medium,TOO_MANY_SENSES,true,true,AUTO_ACCEPT,"Review was caused only by sense volume/ambiguity; primary meanings are non-empty, medium-or-better confidence, naturally sized, non-duplicate, and dictionary-grounded."
really,3,adverb: 実際に・事実 [high],adverb: 全く・正しく [high],adverb: 本当に・正しく [medium],medium,AMBIGUOUS_PRIMARY_SENSE,true,true,AUTO_ACCEPT,"Review was caused only by sense volume/ambiguity; primary meanings are non-empty, medium-or-better confidence, naturally sized, non-duplicate, and dictionary-grounded."
receive,3,verb: 受ける・受け取る [high],verb: 迎える・歓迎する [high],verb: 受信する・傍受 [high],medium,TOO_MANY_SENSES,true,true,AUTO_ACCEPT,"Review was caused only by sense volume/ambiguity; primary meanings are non-empty, medium-or-better confidence, naturally sized, non-duplicate, and dictionary-grounded."
record,3,noun: 記録 [high],noun: 成績 [high],verb: 表示する・現す [high],medium,TOO_MANY_SENSES,true,true,AUTO_ACCEPT,"Review was caused only by sense volume/ambiguity; primary meanings are non-empty, medium-or-better confidence, naturally sized, non-duplicate, and dictionary-grounded."
remain,3,verb: 残る・遺る [high],verb: そのままで居る [medium],verb: 留る・居坐る [medium],medium,AMBIGUOUS_PRIMARY_SENSE|TOO_MANY_SENSES,true,true,AUTO_ACCEPT,"Review was caused only by sense volume/ambiguity; primary meanings are non-empty, medium-or-better confidence, naturally sized, non-duplicate, and dictionary-grounded."
report,3,noun: 調査報告・レポート [high],noun: 評判・世評 [high],verb: 報じる・報ずる [high],medium,TOO_MANY_SENSES,true,true,AUTO_ACCEPT,"Review was caused only by sense volume/ambiguity; primary meanings are non-empty, medium-or-better confidence, naturally sized, non-duplicate, and dictionary-grounded."
reproduction,3,noun: 生殖・繁殖 [high],noun: 複製・複写 [medium],,medium,AMBIGUOUS_PRIMARY_SENSE,true,true,AUTO_ACCEPT,"Review was caused only by sense volume/ambiguity; primary meanings are non-empty, medium-or-better confidence, naturally sized, non-duplicate, and dictionary-grounded."
return,3,verb: 戻す・返す [high],verb: 戻る・帰る [high],noun: 所得申告・申告 [high],medium,TOO_MANY_SENSES,true,true,AUTO_ACCEPT,"Review was caused only by sense volume/ambiguity; primary meanings are non-empty, medium-or-better confidence, naturally sized, non-duplicate, and dictionary-grounded."
right,3,adjective: 正しい・ちょうどの [high],adverb: 正しく・公正に [high],adverb: ちょうど [high],medium,TOO_MANY_SENSES,true,true,AUTO_ACCEPT,"Review was caused only by sense volume/ambiguity; primary meanings are non-empty, medium-or-better confidence, naturally sized, non-duplicate, and dictionary-grounded."
rise,3,verb: 上がる・昇る [high],noun: 上昇・伸び [high],,medium,TOO_MANY_SENSES,true,true,AUTO_ACCEPT,"Review was caused only by sense volume/ambiguity; primary meanings are non-empty, medium-or-better confidence, naturally sized, non-duplicate, and dictionary-grounded."
rule,3,noun: ルール・規則 [high],noun: 支配 [high],verb: 抑制する・制す [high],medium,TOO_MANY_SENSES,true,true,AUTO_ACCEPT,"Review was caused only by sense volume/ambiguity; primary meanings are non-empty, medium-or-better confidence, naturally sized, non-duplicate, and dictionary-grounded."
run,3,verb: 走る・駆ける [high],verb: すばやく動く・働く [high],noun: 走る動作・走り [high],medium,TOO_MANY_SENSES,true,true,AUTO_ACCEPT,"Review was caused only by sense volume/ambiguity; primary meanings are non-empty, medium-or-better confidence, naturally sized, non-duplicate, and dictionary-grounded."
say,3,verb: 言う・話す [high],noun: 意見 [high],,medium,TOO_MANY_SENSES,true,true,AUTO_ACCEPT,"Review was caused only by sense volume/ambiguity; primary meanings are non-empty, medium-or-better confidence, naturally sized, non-duplicate, and dictionary-grounded."
school,3,noun: 学校・学園 [high],noun: 学派・一派 [high],noun: 魚の群れ・群れ [high],medium,TOO_MANY_SENSES,true,true,AUTO_ACCEPT,"Review was caused only by sense volume/ambiguity; primary meanings are non-empty, medium-or-better confidence, naturally sized, non-duplicate, and dictionary-grounded."
second,3,noun: 二塁・セカンド [high],noun: ボクシングなどの競技の付添い人・セコンド [high],noun: 秒・時間の単位の一つ [medium],medium,AMBIGUOUS_PRIMARY_SENSE|TOO_MANY_SENSES,true,true,AUTO_ACCEPT,"Review was caused only by sense volume/ambiguity; primary meanings are non-empty, medium-or-better confidence, naturally sized, non-duplicate, and dictionary-grounded."
see,3,verb: みえる・目に入る [high],verb: 会う・会す [high],,medium,TOO_MANY_SENSES,true,true,AUTO_ACCEPT,"Review was caused only by sense volume/ambiguity; primary meanings are non-empty, medium-or-better confidence, naturally sized, non-duplicate, and dictionary-grounded."
sense,3,noun: 感覚・意識 [high],noun: 常識・良識 [high],verb: 感じる・感ずる [high],medium,TOO_MANY_SENSES,true,true,AUTO_ACCEPT,"Review was caused only by sense volume/ambiguity; primary meanings are non-empty, medium-or-better confidence, naturally sized, non-duplicate, and dictionary-grounded."
service,3,noun: サービス・サーヴィス [high],noun: サービス [high],noun: 礼拝・宗教的礼拝 [high],medium,TOO_MANY_SENSES,true,true,AUTO_ACCEPT,"Review was caused only by sense volume/ambiguity; primary meanings are non-empty, medium-or-better confidence, naturally sized, non-duplicate, and dictionary-grounded."
set,3,verb: 設定・セット [high],verb: 舞台とする [high],noun: セット [high],medium,TOO_MANY_SENSES,true,true,AUTO_ACCEPT,"Review was caused only by sense volume/ambiguity; primary meanings are non-empty, medium-or-better confidence, naturally sized, non-duplicate, and dictionary-grounded."
share,3,noun: 分け前・一口 [high],verb: 分かち合う・分かちあう [high],noun: シェア・株 [medium],medium,AMBIGUOUS_PRIMARY_SENSE|TOO_MANY_SENSES,true,true,AUTO_ACCEPT,"Review was caused only by sense volume/ambiguity; primary meanings are non-empty, medium-or-better confidence, naturally sized, non-duplicate, and dictionary-grounded."
shop,3,noun: 工場・作業場 [high],verb: 密告する・寝返る [high],noun: 店・商店 [medium],medium,AMBIGUOUS_PRIMARY_SENSE,true,true,AUTO_ACCEPT,"Review was caused only by sense volume/ambiguity; primary meanings are non-empty, medium-or-better confidence, naturally sized, non-duplicate, and dictionary-grounded."
short,3,adjective: 短い・短かい [high],adjective: 短い [high],noun: ショート・短絡 [high],medium,TOO_MANY_SENSES,true,true,AUTO_ACCEPT,"Review was caused only by sense volume/ambiguity; primary meanings are non-empty, medium-or-better confidence, naturally sized, non-duplicate, and dictionary-grounded."
show,3,verb: 証明する・示す [high],verb: 案内 [high],noun: 表示・顕示 [high],medium,TOO_MANY_SENSES,true,true,AUTO_ACCEPT,"Review was caused only by sense volume/ambiguity; primary meanings are non-empty, medium-or-better confidence, naturally sized, non-duplicate, and dictionary-grounded."
side,3,noun: 片側・側面 [high],noun: サイドスピン・陣営 [high],noun: 辺・縁 [medium],medium,AMBIGUOUS_PRIMARY_SENSE|TOO_MANY_SENSES,true,true,AUTO_ACCEPT,"Review was caused only by sense volume/ambiguity; primary meanings are non-empty, medium-or-better confidence, naturally sized, non-duplicate, and dictionary-grounded."
sit,3,verb: 開会する・開廷する [high],verb: 馬に乗る・乗る [high],verb: 座る・坐す [medium],medium,AMBIGUOUS_PRIMARY_SENSE|TOO_MANY_SENSES,true,true,AUTO_ACCEPT,"Review was caused only by sense volume/ambiguity; primary meanings are non-empty, medium-or-better confidence, naturally sized, non-duplicate, and dictionary-grounded."
skip,3,verb: 表面を弾んで飛ぶ・飛ぶ [high],noun: スキップ [high],verb: スキップする・跳ねる [medium],medium,AMBIGUOUS_PRIMARY_SENSE,true,true,AUTO_ACCEPT,"Review was caused only by sense volume/ambiguity; primary meanings are non-empty, medium-or-better confidence, naturally sized, non-duplicate, and dictionary-grounded."
small,3,adjective: 小さい・小型の [high],,,medium,TOO_MANY_SENSES,true,true,AUTO_ACCEPT,"Review was caused only by sense volume/ambiguity; primary meanings are non-empty, medium-or-better confidence, naturally sized, non-duplicate, and dictionary-grounded."
social,3,adjective: 社会の・社会的な [high],adjective: 社交的な・社交的 [high],,medium,TOO_MANY_SENSES,true,true,AUTO_ACCEPT,"Review was caused only by sense volume/ambiguity; primary meanings are non-empty, medium-or-better confidence, naturally sized, non-duplicate, and dictionary-grounded."
solvent,3,noun: 溶媒・溶剤 [high],noun: 解決策・回答 [medium],,medium,AMBIGUOUS_PRIMARY_SENSE,true,true,AUTO_ACCEPT,"Review was caused only by sense volume/ambiguity; primary meanings are non-empty, medium-or-better confidence, naturally sized, non-duplicate, and dictionary-grounded."
sound,3,adjective: 健全な・手堅い [high],noun: 音・音声 [high],verb: 鳴る・鳴らす [high],medium,TOO_MANY_SENSES,true,true,AUTO_ACCEPT,"Review was caused only by sense volume/ambiguity; primary meanings are non-empty, medium-or-better confidence, naturally sized, non-duplicate, and dictionary-grounded."
special,3,adjective: 特殊な・特別な [high],,,medium,TOO_MANY_SENSES,true,true,AUTO_ACCEPT,"Review was caused only by sense volume/ambiguity; primary meanings are non-empty, medium-or-better confidence, naturally sized, non-duplicate, and dictionary-grounded."
staff,3,noun: 譜表・五線 [high],noun: スタッフ・職員 [high],noun: 杖・棒 [medium],medium,AMBIGUOUS_PRIMARY_SENSE,true,true,AUTO_ACCEPT,"Review was caused only by sense volume/ambiguity; primary meanings are non-empty, medium-or-better confidence, naturally sized, non-duplicate, and dictionary-grounded."
stand,3,verb: 立つ・立っている [high],verb: 立てる [high],noun: スタンド・台座 [high],medium,TOO_MANY_SENSES,true,true,AUTO_ACCEPT,"Review was caused only by sense volume/ambiguity; primary meanings are non-empty, medium-or-better confidence, naturally sized, non-duplicate, and dictionary-grounded."
start,3,verb: 始まる・始める [high],verb: 始まる [high],noun: 出発・出発信号機 [high],medium,TOO_MANY_SENSES,true,true,AUTO_ACCEPT,"Review was caused only by sense volume/ambiguity; primary meanings are non-empty, medium-or-better confidence, naturally sized, non-duplicate, and dictionary-grounded."
state,3,noun: 状態・情勢 [high],noun: 国家 [high],verb: 明確に述べる・明記する [high],medium,TOO_MANY_SENSES,true,true,AUTO_ACCEPT,"Review was caused only by sense volume/ambiguity; primary meanings are non-empty, medium-or-better confidence, naturally sized, non-duplicate, and dictionary-grounded."
stay,3,verb: 延期する・延期 [high],noun: 支索 [high],verb: 留まる・滞在する [medium],medium,AMBIGUOUS_PRIMARY_SENSE|TOO_MANY_SENSES,true,true,AUTO_ACCEPT,"Review was caused only by sense volume/ambiguity; primary meanings are non-empty, medium-or-better confidence, naturally sized, non-duplicate, and dictionary-grounded."
step,3,noun: 歩み・一歩 [high],noun: 段・ステップ [high],noun: 段階・度合 [high],medium,TOO_MANY_SENSES,true,true,AUTO_ACCEPT,"Review was caused only by sense volume/ambiguity; primary meanings are non-empty, medium-or-better confidence, naturally sized, non-duplicate, and dictionary-grounded."
still,3,adjective: 静止した [high],adverb: 静止して・居然 [high],noun: 静寂・静かさ [high],medium,TOO_MANY_SENSES,true,true,AUTO_ACCEPT,"Review was caused only by sense volume/ambiguity; primary meanings are non-empty, medium-or-better confidence, naturally sized, non-duplicate, and dictionary-grounded."
stop,3,verb: 止まる・立ち止まる [high],verb: 止む・止る [high],noun: 停止・中止 [high],medium,TOO_MANY_SENSES,true,true,AUTO_ACCEPT,"Review was caused only by sense volume/ambiguity; primary meanings are non-empty, medium-or-better confidence, naturally sized, non-duplicate, and dictionary-grounded."
strong,3,adjective: 強い・力強い [high],adjective: 強い [high],,medium,TOO_MANY_SENSES,true,true,AUTO_ACCEPT,"Review was caused only by sense volume/ambiguity; primary meanings are non-empty, medium-or-better confidence, naturally sized, non-duplicate, and dictionary-grounded."
study,3,noun: 研究・調査 [high],noun: 研究 [high],verb: 勉強する・学ぶ [high],medium,TOO_MANY_SENSES,true,true,AUTO_ACCEPT,"Review was caused only by sense volume/ambiguity; primary meanings are non-empty, medium-or-better confidence, naturally sized, non-duplicate, and dictionary-grounded."
subject,3,noun: 主題・話柄 [high],noun: 学科・分野 [high],noun: 主語・主辞 [high],medium,TOO_MANY_SENSES,true,true,AUTO_ACCEPT,"Review was caused only by sense volume/ambiguity; primary meanings are non-empty, medium-or-better confidence, naturally sized, non-duplicate, and dictionary-grounded."
subtle,3,adjective: 微妙な・微妙 [high],adjective: 淡い・繊細 [medium],,medium,AMBIGUOUS_PRIMARY_SENSE,true,true,AUTO_ACCEPT,"Review was caused only by sense volume/ambiguity; primary meanings are non-empty, medium-or-better confidence, naturally sized, non-duplicate, and dictionary-grounded."
support,3,verb: 支える・支援する [high],noun: 支え・土台 [high],noun: 賛成・援助 [high],medium,TOO_MANY_SENSES,true,true,AUTO_ACCEPT,"Review was caused only by sense volume/ambiguity; primary meanings are non-empty, medium-or-better confidence, naturally sized, non-duplicate, and dictionary-grounded."
sure,3,adjective: 確かな・確実な [high],adjective: 確信している・確信して [high],,medium,TOO_MANY_SENSES,true,true,AUTO_ACCEPT,"Review was caused only by sense volume/ambiguity; primary meanings are non-empty, medium-or-better confidence, naturally sized, non-duplicate, and dictionary-grounded."
swap,3,noun: 取り替え・交換 [high],verb: 取り替える・交換する [medium],,medium,AMBIGUOUS_PRIMARY_SENSE,true,true,AUTO_ACCEPT,"Review was caused only by sense volume/ambiguity; primary meanings are non-empty, medium-or-better confidence, naturally sized, non-duplicate, and dictionary-grounded."
swell,3,noun: うねり・大波 [high],verb: 高まる [high],,medium,TOO_MANY_SENSES,true,true,AUTO_ACCEPT,"Review was caused only by sense volume/ambiguity; primary meanings are non-empty, medium-or-better confidence, naturally sized, non-duplicate, and dictionary-grounded."
table,3,noun: テーブル・食卓 [high],,,medium,TOO_MANY_SENSES,true,true,AUTO_ACCEPT,"Review was caused only by sense volume/ambiguity; primary meanings are non-empty, medium-or-better confidence, naturally sized, non-duplicate, and dictionary-grounded."
take,3,verb: 取る・手にする [high],verb: 取る [high],verb: 出す・取る [high],medium,TOO_MANY_SENSES,true,true,AUTO_ACCEPT,"Review was caused only by sense volume/ambiguity; primary meanings are non-empty, medium-or-better confidence, naturally sized, non-duplicate, and dictionary-grounded."
talk,3,verb: 話す・くっちゃべる [high],noun: 会話・語い [high],,medium,TOO_MANY_SENSES,true,true,AUTO_ACCEPT,"Review was caused only by sense volume/ambiguity; primary meanings are non-empty, medium-or-better confidence, naturally sized, non-duplicate, and dictionary-grounded."
term,3,noun: 期間・ターム [high],noun: 言葉・用語 [high],verb: 名づける・称す [high],medium,TOO_MANY_SENSES,true,true,AUTO_ACCEPT,"Review was caused only by sense volume/ambiguity; primary meanings are non-empty, medium-or-better confidence, naturally sized, non-duplicate, and dictionary-grounded."
test,3,noun: 試験・検査 [high],noun: 試練・試煉 [high],verb: 試験を受ける・考査 [high],medium,TOO_MANY_SENSES,true,true,AUTO_ACCEPT,"Review was caused only by sense volume/ambiguity; primary meanings are non-empty, medium-or-better confidence, naturally sized, non-duplicate, and dictionary-grounded."
thing,3,noun: 事柄・事物 [high],noun: 事柄 [high],noun: 物体・事 [medium],medium,AMBIGUOUS_PRIMARY_SENSE|TOO_MANY_SENSES,true,true,AUTO_ACCEPT,"Review was caused only by sense volume/ambiguity; primary meanings are non-empty, medium-or-better confidence, naturally sized, non-duplicate, and dictionary-grounded."
think,3,verb: 思う・惟う [high],verb: 思う [high],noun: 考え [high],medium,TOO_MANY_SENSES,true,true,AUTO_ACCEPT,"Review was caused only by sense volume/ambiguity; primary meanings are non-empty, medium-or-better confidence, naturally sized, non-duplicate, and dictionary-grounded."
thread,3,noun: 筋道・脈絡 [high],noun: 糸・紡糸 [medium],,medium,AMBIGUOUS_PRIMARY_SENSE,true,true,AUTO_ACCEPT,"Review was caused only by sense volume/ambiguity; primary meanings are non-empty, medium-or-better confidence, naturally sized, non-duplicate, and dictionary-grounded."
time,3,noun: 時間・一時 [high],verb: 時間を計る・計る [high],,medium,TOO_MANY_SENSES,true,true,AUTO_ACCEPT,"Review was caused only by sense volume/ambiguity; primary meanings are non-empty, medium-or-better confidence, naturally sized, non-duplicate, and dictionary-grounded."
top,3,noun: 頂・頂上 [high],noun: 独楽 [high],verb: 超す・上回る [high],medium,TOO_MANY_SENSES,true,true,AUTO_ACCEPT,"Review was caused only by sense volume/ambiguity; primary meanings are non-empty, medium-or-better confidence, naturally sized, non-duplicate, and dictionary-grounded."
tract,3,noun: 小冊子・冊子 [high],noun: 地域・土地 [medium],,medium,AMBIGUOUS_PRIMARY_SENSE,true,true,AUTO_ACCEPT,"Review was caused only by sense volume/ambiguity; primary meanings are non-empty, medium-or-better confidence, naturally sized, non-duplicate, and dictionary-grounded."
train,3,noun: 列車・電車 [high],verb: 鍛える・練習する [high],verb: 向ける・狙う [high],medium,TOO_MANY_SENSES,true,true,AUTO_ACCEPT,"Review was caused only by sense volume/ambiguity; primary meanings are non-empty, medium-or-better confidence, naturally sized, non-duplicate, and dictionary-grounded."
transcription,3,noun: 写し・書取 [high],noun: 書き換え・収録 [medium],,medium,AMBIGUOUS_PRIMARY_SENSE,true,true,AUTO_ACCEPT,"Review was caused only by sense volume/ambiguity; primary meanings are non-empty, medium-or-better confidence, naturally sized, non-duplicate, and dictionary-grounded."
try,3,verb: 試す・試みる [high],noun: 努力・企て [high],verb: 図る・挑む [medium],medium,AMBIGUOUS_PRIMARY_SENSE|TOO_MANY_SENSES,true,true,AUTO_ACCEPT,"Review was caused only by sense volume/ambiguity; primary meanings are non-empty, medium-or-better confidence, naturally sized, non-duplicate, and dictionary-grounded."
turn,3,verb: 回す・拗る [high],verb: 回す [high],noun: 回転・順番 [high],medium,TOO_MANY_SENSES,true,true,AUTO_ACCEPT,"Review was caused only by sense volume/ambiguity; primary meanings are non-empty, medium-or-better confidence, naturally sized, non-duplicate, and dictionary-grounded."
up,3,verb: 増やす・引き上げる [high],adverb: 上の方へ・上方へ [medium],,medium,AMBIGUOUS_PRIMARY_SENSE|TOO_MANY_SENSES,true,true,AUTO_ACCEPT,"Review was caused only by sense volume/ambiguity; primary meanings are non-empty, medium-or-better confidence, naturally sized, non-duplicate, and dictionary-grounded."
use,3,noun: 使用・使い [high],noun: 使用 [high],verb: 使う・働かす [high],medium,TOO_MANY_SENSES,true,true,AUTO_ACCEPT,"Review was caused only by sense volume/ambiguity; primary meanings are non-empty, medium-or-better confidence, naturally sized, non-duplicate, and dictionary-grounded."
value,3,noun: 値・価値 [high],noun: 価値観 [high],verb: 高く評価する・尊ぶ [high],medium,TOO_MANY_SENSES,true,true,AUTO_ACCEPT,"Review was caused only by sense volume/ambiguity; primary meanings are non-empty, medium-or-better confidence, naturally sized, non-duplicate, and dictionary-grounded."
view,3,noun: 眺め・風景 [high],verb: 見る・惟る [high],,medium,TOO_MANY_SENSES,true,true,AUTO_ACCEPT,"Review was caused only by sense volume/ambiguity; primary meanings are non-empty, medium-or-better confidence, naturally sized, non-duplicate, and dictionary-grounded."
visit,3,verb: 訪れる・訪ねる [high],noun: 訪問 [high],,medium,TOO_MANY_SENSES,true,true,AUTO_ACCEPT,"Review was caused only by sense volume/ambiguity; primary meanings are non-empty, medium-or-better confidence, naturally sized, non-duplicate, and dictionary-grounded."
wait,3,verb: 待つ・待ち受ける [high],noun: 待ち時間 [high],verb: 給仕する・給仕として働く [medium],medium,AMBIGUOUS_PRIMARY_SENSE,true,true,AUTO_ACCEPT,"Review was caused only by sense volume/ambiguity; primary meanings are non-empty, medium-or-better confidence, naturally sized, non-duplicate, and dictionary-grounded."
walk,3,verb: 歩く・歩む [high],verb: 歩く [high],noun: 散歩・散策 [high],medium,TOO_MANY_SENSES,true,true,AUTO_ACCEPT,"Review was caused only by sense volume/ambiguity; primary meanings are non-empty, medium-or-better confidence, naturally sized, non-duplicate, and dictionary-grounded."
watch,3,noun: 監視・監視人 [high],verb: 見る・看る [high],verb: 見る [high],medium,TOO_MANY_SENSES,true,true,AUTO_ACCEPT,"Review was caused only by sense volume/ambiguity; primary meanings are non-empty, medium-or-better confidence, naturally sized, non-duplicate, and dictionary-grounded."
water,3,noun: 給水・水 [high],noun: 水・お水 [medium],,medium,AMBIGUOUS_PRIMARY_SENSE|TOO_MANY_SENSES,true,true,AUTO_ACCEPT,"Review was caused only by sense volume/ambiguity; primary meanings are non-empty, medium-or-better confidence, naturally sized, non-duplicate, and dictionary-grounded."
way,3,noun: 道・方法 [high],adverb: かなり・ずっと [high],noun: 道 [medium],medium,AMBIGUOUS_PRIMARY_SENSE|TOO_MANY_SENSES,true,true,AUTO_ACCEPT,"Review was caused only by sense volume/ambiguity; primary meanings are non-empty, medium-or-better confidence, naturally sized, non-duplicate, and dictionary-grounded."
weave,3,verb: 編む・織る [high],noun: 編み方・織り方 [high],verb: 織る・織出す [medium],medium,AMBIGUOUS_PRIMARY_SENSE,true,true,AUTO_ACCEPT,"Review was caused only by sense volume/ambiguity; primary meanings are non-empty, medium-or-better confidence, naturally sized, non-duplicate, and dictionary-grounded."
well,3,noun: 井戸・油田 [high],adverb: 上手に・克く [medium],adjective: 健康な・丈夫 [medium],medium,AMBIGUOUS_PRIMARY_SENSE|TOO_MANY_SENSES,true,true,AUTO_ACCEPT,"Review was caused only by sense volume/ambiguity; primary meanings are non-empty, medium-or-better confidence, naturally sized, non-duplicate, and dictionary-grounded."
white,3,noun: 白人・コーカソイド [high],adjective: 白い・真っ白い [high],adjective: 白い [high],medium,TOO_MANY_SENSES,true,true,AUTO_ACCEPT,"Review was caused only by sense volume/ambiguity; primary meanings are non-empty, medium-or-better confidence, naturally sized, non-duplicate, and dictionary-grounded."
whole,3,noun: 全体・一統 [high],adjective: 全ての・全体の [medium],adverb: 全てにおいて・全体を [medium],medium,AMBIGUOUS_PRIMARY_SENSE,true,true,AUTO_ACCEPT,"Review was caused only by sense volume/ambiguity; primary meanings are non-empty, medium-or-better confidence, naturally sized, non-duplicate, and dictionary-grounded."
will,3,noun: 意志・意思 [high],verb: だろう・命ずる [medium],,medium,AMBIGUOUS_PRIMARY_SENSE,true,true,AUTO_ACCEPT,"Review was caused only by sense volume/ambiguity; primary meanings are non-empty, medium-or-better confidence, naturally sized, non-duplicate, and dictionary-grounded."
word,3,noun: 言葉・単語 [high],noun: 短い会話や話・一言 [high],noun: 聖書・福音書 [high],medium,TOO_MANY_SENSES,true,true,AUTO_ACCEPT,"Review was caused only by sense volume/ambiguity; primary meanings are non-empty, medium-or-better confidence, naturally sized, non-duplicate, and dictionary-grounded."
work,3,noun: 仕事・職業 [high],noun: 作品・成果 [high],verb: 動く・作用する [high],medium,TOO_MANY_SENSES,true,true,AUTO_ACCEPT,"Review was caused only by sense volume/ambiguity; primary meanings are non-empty, medium-or-better confidence, naturally sized, non-duplicate, and dictionary-grounded."
write,3,verb: 書く・綴る [high],verb: 書く [high],,medium,TOO_MANY_SENSES,true,true,AUTO_ACCEPT,"Review was caused only by sense volume/ambiguity; primary meanings are non-empty, medium-or-better confidence, naturally sized, non-duplicate, and dictionary-grounded."
year,3,noun: 年度 [high],noun: 一年・年中 [medium],noun: 同期生 [medium],medium,AMBIGUOUS_PRIMARY_SENSE,true,true,AUTO_ACCEPT,"Review was caused only by sense volume/ambiguity; primary meanings are non-empty, medium-or-better confidence, naturally sized, non-duplicate, and dictionary-grounded."
young,3,adjective: 若い [high],adjective: 新しい・新た [high],adjective: 幼い・稚い [high],medium,TOO_MANY_SENSES,true,true,AUTO_ACCEPT,"Review was caused only by sense volume/ambiguity; primary meanings are non-empty, medium-or-better confidence, naturally sized, non-duplicate, and dictionary-grounded."
